[0.37284428 0.01222886 0.26288467 0.58926925 0.45347647 0.79076378],[0.46013665 0.11330273 0.95508819 0.70170358 0.37719643 0.40723297],[0.75974857 0.87275594 0.42067375 0.09360597 0.70098141 0.62476915],[0.11284332 0.31201378 0.14609882 0.8064448  0.42118807 0.65533064],[0.00496307 0.65966484 0.28778573 0.57770826 0.2576983  0.01998169],[0.32667311 0.05595421 0.77577499 0.88441833 0.27847317 0.0104195 ],[0.38921073 0.53556531 0.09677883 0.31493238 0.83308929 0.19538501],[0.76610311 0.63410684 0.63080952 0.99581815 0.69313496 0.09160483],[0.28400699 0.47704954 0.97212871 0.62461468 0.27189736 0.0076365 ],[0.12736568 0.60320027 0.59021427 0.05293166 0.90646117 0.30609595],[0.99776    0.76524027 0.17418856 0.1481699  0.68429042 0.19538578],[0.77143629 0.78602062 0.59030147 0.4521414  0.11730279 0.01797689]
"[0.35628991 0.95109729 0.06690825 0.10441184 0.00166209 0.93779932
 0.95720041 0.19714404 0.37532131 0.07645762 0.05371632 0.93928754]","[0.3542337  0.52163156 0.04961636 0.64190939 0.98547454 0.02619296
 0.1358467  0.30019707 0.06518361 0.36149838 0.65220474 0.22905445]","[0.82601829 0.85362438 0.3921157  0.21666361 0.30133937 0.24577923
 0.84223739 0.89497787 0.20481541 0.64340075 0.95270312 0.32327172]","[0.05183114 0.26191706 0.58724772 0.81751315 0.45349536 0.14943048
 0.07178144 0.99722696 0.46169982 0.07617163 0.05464354 0.32788464]","[0.20134707 0.49697237 0.7463408  0.71702402 0.33135341 0.18129063
 0.98662993 0.19653006 0.62148843 0.25762257 0.62665596 0.92746506]","[0.39953095 0.55423867 0.90035432 0.13564494 0.35230587 0.73818152
 0.35945763 0.44163813 0.46659008 0.19465856 0.70296237 0.19216369]","[0.79678094 0.87100861 0.64863513 0.15380336 0.67663643 0.60102996
 0.86537924 0.57831878 0.63287406 0.58309348 0.46309144 0.74771262]","[0.55941388 0.66157193 0.67401852 0.94593677 0.83532668 0.5981094
 0.72854233 0.30255855 0.41328712 0.8087628  0.04661955 0.17726841]","[0.35898791 0.98425385 0.44471001 0.16113689 0.02529283 0.1798052
 0.21531861 0.66525712 0.04645056 0.8396518  0.06457899 0.72587501]","[0.4344095  0.86878827 0.10354442 0.28326143 0.03709063 0.1357054
 0.39999563 0.06610883 0.35698471 0.88308246 0.81962017 0.34000922]","[0.28658587 0.68929598 0.7125681  0.53726817 0.16394457 0.36069184
 0.27801929 0.06845307 0.18677248 0.8023381  0.59964343 0.36690951]","[0.21004671 0.86581304 0.01058423 0.58290006 0.09146358 0.52303453
 0.70801992 0.61196164 0.62692452 0.05158261 0.97050813 0.22051533]"
"[0.97674545 0.68553595 0.60527228 0.57708844 0.66832219 0.87080783
 0.01488891 0.88947549 0.08584482 0.30951282 0.7508723  0.95063786]","[0.62446332 0.10230405 0.49974158 0.81079488 0.145571   0.98309125
 0.88687702 0.17228009 0.27094586 0.56200065 0.86957205 0.91699892]","[0.71004572 0.16420037 0.27140323 0.07289131 0.83174491 0.13172425
 0.99745224 0.97221019 0.3033666  0.79945515 0.06202443 0.70322423]","[0.51714434 0.97976615 0.8329723  0.18846075 0.65376028 0.30897105
 0.38969466 0.09980791 0.33178531 0.28683632 0.46996873 0.4991255 ]","[0.30728546 0.37749317 0.71771034 0.77983084 0.90478246 0.77724763
 0.35604451 0.39625359 0.14977696 0.43765048 0.22769866 0.09094642]","[0.04102501 0.8687309  0.30228977 0.86410443 0.84879926 0.93247102
 0.05943951 0.59494891 0.91635968 0.8793976  0.28477611 0.7417541 ]","[0.94784507 0.63637138 0.0021347  0.34564205 0.76292598 0.17343832
 0.68731414 0.47184854 0.77857013 0.69070452 0.87186257 0.37885086]","[0.53517323 0.68683025 0.37530007 0.46843401 0.89430119 0.54090619
 0.08497273 0.34246102 0.76797155 0.38877483 0.28789807 0.08529801]","[0.50971939 0.487811   0.03718715 0.34509919 0.25520529 0.84288321
 0.40978846 0.2310431  0.64633239 0.31637647 0.35307419 0.45425767]","[0.21086032 0.88826585 0.06343973 0.18566489 0.13873025 0.59364861
 0.79225935 0.63721734 0.80137556 0.98354858 0.21034447 0.46181238]","[0.2272204  0.74600558 0.46870604 0.92790752 0.84636989 0.63014615
 0.46504549 0.50377816 0.61378475 0.92905927 0.15974218 0.96322112]","[0.45528436 0.85460184 0.45613544 0.13465058 0.68519933 0.48120923
 0.07753611 0.93685435 0.43329117 0.79475861 0.19957254 0.58667977]"
"[1.44646273e-01 3.12313580e-01 5.39215692e-01 3.06711103e-01
 4.09742330e-04 7.25937222e-01 7.94872485e-01 2.54745212e-01
 4.29068643e-01 4.42062014e-03 2.68828261e-01 9.85838906e-01]","[0.98630361 0.97141363 0.02848608 0.40153713 0.81859135 0.65719361
 0.012893   0.74070242 0.36411879 0.59696423 0.28666892 0.8794998 ]","[0.53982992 0.09013253 0.07873712 0.28110893 0.56223202 0.33042018
 0.13797407 0.55578437 0.93121586 0.30929667 0.1437879  0.73389889]","[0.46840434 0.24728974 0.39609048 0.54495223 0.94459878 0.13826994
 0.08716259 0.46846998 0.03521068 0.63945317 0.44188573 0.67791758]","[0.95353652 0.67486832 0.78066175 0.10796553 0.34493958 0.74396789
 0.46883472 0.69777489 0.41882423 0.14641235 0.99332786 0.60919626]","[0.63404783 0.38279811 0.25776086 0.75242609 0.70134401 0.90596736
 0.24516861 0.60057064 0.28308815 0.44806857 0.40296657 0.68120662]","[0.54452775 0.13630801 0.78577808 0.26050673 0.33433888 0.9841061
 0.50484519 0.8689169  0.93651756 0.89878588 0.02363526 0.23485992]","[0.15443687 0.02695857 0.11088237 0.09182929 0.51110968 0.0238499
 0.34006375 0.69730156 0.50118864 0.17721375 0.52000765 0.07066216]","[0.53355884 0.2008597  0.61530829 0.66628954 0.52963235 0.17618312
 0.4093631  0.40054932 0.19970854 0.98718677 0.51491887 0.55735007]","[0.27975483 0.33627586 0.39672778 0.1733069  0.43710828 0.78660763
 0.83681943 0.98502028 0.70090055 0.33572269 0.7348598  0.23169842]","[0.12677684 0.31436511 0.9315377  0.77026992 0.76178111 0.21941418
 0.92458202 0.31297144 0.07381436 0.31867936 0.32505816 0.64880822]","[0.715406   0.73637532 0.65525271 0.13090462 0.17473596 0.78455448
 0.48129123 0.25484639 0.04833534 0.29787869 0.09014206 0.35314506]"
"[0.31227298 0.31107304 0.73436229 0.25014987 0.016114   0.41403902
 0.34432971 0.15892457 0.56326372 0.39282952 0.25044236 0.59798128]","[0.05668061 0.9691694  0.15341226 0.62410845 0.96967431 0.69524265
 0.53529787 0.89625491 0.86590245 0.8873995  0.42622198 0.64294526]","[0.97693137 0.40739326 0.07986331 0.90000537 0.31118929 0.40830334
 0.88086887 0.33522324 0.49822532 0.43131312 0.97103122 0.13851039]","[0.59623723 0.12528161 0.89032069 0.09430215 0.91655361 0.87723457
 0.06545471 0.79455579 0.57440758 0.7648693  0.26212768 0.99417745]","[0.60270767 0.09505727 0.37586948 0.21284418 0.05876849 0.50074158
 0.81096283 0.13667312 0.51988539 0.27562581 0.64560888 0.63113366]","[0.760342   0.94469004 0.84729834 0.39548965 0.30504199 0.3998576
 0.82808073 0.60799814 0.81192212 0.94966943 0.33026596 0.06311563]","[2.45119237e-01 1.95103020e-01 2.44292749e-01 4.80122427e-01
 1.17159131e-01 3.60396312e-01 3.17242734e-01 3.96331841e-01
 7.81259132e-01 3.56348478e-01 2.36342048e-04 4.11078098e-01]","[0.32754268 0.74092002 0.05681008 0.24060231 0.9151797  0.80800206
 0.07325113 0.55204739 0.16178669 0.34642614 0.64088802 0.24900679]","[0.6453824  0.7903906  0.19652486 0.83349095 0.05119062 0.42213753
 0.44462309 0.34225171 0.05226329 0.62585239 0.28588404 0.43813188]","[0.79729105 0.95473024 0.41395454 0.397533   0.49204242 0.39883268
 0.19608585 0.08675234 0.47629235 0.02136335 0.49414223 0.94690813]","[0.59322792 0.61033707 0.1109662  0.6781653  0.23665609 0.79082506
 0.50447865 0.46645954 0.02404763 0.17960507 0.09605021 0.68780624]","[0.91310502 0.76089332 0.4317405  0.76423616 0.97117696 0.98006035
 0.82386226 0.58623664 0.05374241 0.42373158 0.86783204 0.06930723]"
"[0.98767206 0.19656443 0.36830807 0.82437458 0.31935051 0.05440042
 0.30705452 0.63138203 0.26876254 0.73470639 0.61279637 0.94096668]","[0.99743285 0.38322353 0.15927206 0.3333607  0.40402917 0.57747403
 0.0858651  0.24818193 0.46842713 0.66994954 0.06304704 0.50653066]","[0.702058   0.19645705 0.17165575 0.09443954 0.4461982  0.9560128
 0.76765601 0.73282875 0.24013571 0.61707025 0.3308432  0.71426926]","[0.80459398 0.20949632 0.41901953 0.00590885 0.07696137 0.3881834
 0.50352373 0.67366508 0.1937617  0.33835956 0.92829028 0.09979878]","[0.61751332 0.43357888 0.39461428 0.52477015 0.62529339 0.00697707
 0.84296953 0.2315333  0.52466084 0.67564925 0.81764094 0.85258934]","[0.80775757 0.1479734  0.89135626 0.4311903  0.42993052 0.81824977
 0.40774688 0.65599822 0.22189142 0.33499063 0.94845601 0.12000763]","[0.76784665 0.0816297  0.62229591 0.35981832 0.21824204 0.90235839
 0.01961926 0.66363414 0.09509971 0.00208468 0.01689595 0.97781492]","[0.90939325 0.49555496 0.62295565 0.42432884 0.62738823 0.56862667
 0.89996632 0.10638506 0.93334176 0.12016511 0.56407994 0.82828857]","[0.62172007 0.77033512 0.36554375 0.93212399 0.08261618 0.81149143
 0.57680596 0.67642886 0.25346042 0.59530921 0.72778436 0.56533181]","[0.70506098 0.90389968 0.91323772 0.23068504 0.01927364 0.65446208
 0.07626197 0.76182238 0.04582294 0.92208618 0.72878895 0.43879718]","[0.91064553 0.38023132 0.91197097 0.33359834 0.24376851 0.28031144
 0.10307812 0.50189413 0.37289353 0.11413722 0.73379481 0.16655384]","[0.75859773 0.93534923 0.43693292 0.89235652 0.65428894 0.28620295
 0.91670906 0.55305807 0.57035846 0.17460837 0.69539472 0.95265502]"
"[0.57133806 0.21652342 0.51475511 0.23578791 0.04809807 0.94650414
 0.19506023 0.07787037 0.36527962 0.84547009 0.9525276  0.49689011]","[0.85078234 0.87219182 0.71868281 0.49154365 0.7169219  0.70078654
 0.21285975 0.26061163 0.1617904  0.66054522 0.31651047 0.05181347]","[0.50413962 0.54049471 0.66483931 0.05950968 0.31935916 0.39035079
 0.12611549 0.13103614 0.6657267  0.63404049 0.68853745 0.39428437]","[0.9099572  0.26955591 0.34372706 0.11499931 0.49698356 0.12187559
 0.79697563 0.95898534 0.78137809 0.18502797 0.3076366  0.24658698]","[0.25084338 0.49878955 0.7065858  0.51939032 0.22852288 0.94556373
 0.47993167 0.91234744 0.98851773 0.99659607 0.60844142 0.1380059 ]","[0.66891339 0.889755   0.8480338  0.57421165 0.77482541 0.8827798
 0.27319763 0.33888721 0.80354135 0.76635454 0.9531941  0.34604057]","[0.69378999 0.23542656 0.20613962 0.65347366 0.92993962 0.38765863
 0.01775887 0.32169726 0.25936775 0.98591772 0.706064   0.18287073]","[0.06640857 0.53225529 0.63068471 0.44463854 0.79643982 0.97857558
 0.26829807 0.31515865 0.43449943 0.78164728 0.87083161 0.37748957]","[0.44434949 0.41987186 0.60010501 0.94564809 0.22999287 0.38323094
 0.2873746  0.6095164  0.4582345  0.26150956 0.96344992 0.82748615]","[0.92173754 0.02465131 0.61887682 0.4312429  0.26125278 0.48368659
 0.10187103 0.82067166 0.88558211 0.12420153 0.08805202 0.29757821]","[0.30238485 0.45495874 0.6126538  0.85323374 0.94212375 0.47722578
 0.46936335 0.00808397 0.05215817 0.16080578 0.5891037  0.20965172]","[0.84156406 0.29501813 0.82729432 0.13301359 0.66063978 0.03255574
 0.87930446 0.44821884 0.67547141 0.64394166 0.99289802 0.78065206]"
"[0.75777336 0.77107554 0.4326841  0.29643628 0.384688   0.90011764
 0.66757349 0.19486991 0.606419   0.36453887 0.31216525 0.34657045]","[0.92883333 0.42355076 0.71417385 0.47352629 0.05321188 0.29293757
 0.33205668 0.3475649  0.5906579  0.95819383 0.74092954 0.33746029]","[0.51739528 0.29709152 0.77201746 0.07364358 0.21203505 0.08146733
 0.77051666 0.50975454 0.40446653 0.09866829 0.60318077 0.7013    ]","[0.25047868 0.39201005 0.49190265 0.6079851  0.60596159 0.74099764
 0.23963039 0.90377697 0.0057304  0.60615334 0.45897823 0.35779088]","[0.48512487 0.96937488 0.57940513 0.32721559 0.16411023 0.65206846
 0.66595819 0.18789801 0.49805499 0.33949102 0.85579385 0.7435002 ]","[0.37852737 0.24069166 0.76512669 0.11433051 0.05764881 0.61539845
 0.81034881 0.67359393 0.28506363 0.12813239 0.52599484 0.13172298]","[0.20658117 0.38583091 0.17926703 0.0072458  0.53581195 0.9115368
 0.70329076 0.77176394 0.96497428 0.62475165 0.7383628  0.01149757]","[0.9060086  0.51639542 0.5260545  0.04982248 0.01067045 0.0230674
 0.39680028 0.89250488 0.5322417  0.21745494 0.32369448 0.88283113]","[0.38106178 0.28321401 0.36160487 0.26722237 0.86335054 0.8222911
 0.41395945 0.4159144  0.48926668 0.41963536 0.19912329 0.45361041]","[0.24326518 0.44538405 0.33943486 0.01116211 0.22808223 0.15229875
 0.80948763 0.90509798 0.51721643 0.66847646 0.40518539 0.42771675]","[0.82898928 0.10960839 0.23266843 0.28949517 0.88554921 0.033811
 0.53029272 0.99002606 0.18424333 0.98390277 0.68812267 0.57578591]","[0.78895144 0.20719254 0.45800212 0.0243372  0.97677436 0.24840708
 0.8119928  0.87168229 0.04321569 0.98207866 0.09920068 0.76417076]"
"[0.46722266 0.56896385 0.04241714 0.36346413 0.88531502 0.66343253
 0.01055717 0.34740594 0.01733749 0.27835983 0.51575728 0.6306447 ]","[6.20675025e-01 3.18788244e-04 7.06300254e-02 1.90744618e-01
 3.52127435e-01 5.05444214e-01 8.58812980e-01 3.36317900e-01
 1.99529168e-01 2.72309943e-01 4.07466786e-01 2.02909953e-01]","[2.22275933e-01 5.30808757e-01 1.46916879e-01 9.50632370e-01
 5.79240156e-01 9.73767521e-01 7.62424398e-01 9.04834745e-01
 6.56810758e-05 9.42254914e-01 5.43198807e-01 3.87467192e-01]","[0.86382063 0.31505198 0.45628675 0.73564733 0.5023909  0.62935996
 0.29759259 0.4760546  0.95068016 0.0564793  0.75954984 0.7071709 ]","[0.39661547 0.41528433 0.54070658 0.66494452 0.72858923 0.38001814
 0.18007137 0.79153917 0.59565087 0.42856911 0.26463483 0.37596789]","[0.03362479 0.16325899 0.53876346 0.40823433 0.21353807 0.47278051
 0.66734492 0.95823972 0.0246337  0.53977551 0.95407541 0.43916368]","[0.39461481 0.6330564  0.38122264 0.58263651 0.13409011 0.46635205
 0.52076804 0.84300781 0.68296012 0.18499853 0.00687228 0.0189147 ]","[0.76543303 0.18855984 0.51199451 0.13576431 0.81864699 0.49579416
 0.72403891 0.96694693 0.28901136 0.7866455  0.8407703  0.96938115]","[0.32958926 0.35818939 0.87589361 0.78997271 0.76860006 0.23084854
 0.78027184 0.80872145 0.67072242 0.73229156 0.35699396 0.2509585 ]","[0.63497591 0.68968691 0.52499488 0.46046658 0.44104811 0.79768432
 0.08960437 0.76859898 0.45904452 0.36741116 0.89763566 0.93736122]","[0.17166319 0.54036457 0.90653821 0.05341282 0.5468739  0.26127288
 0.94689529 0.41368773 0.38894789 0.12590509 0.34430674 0.79077486]","[0.92907831 0.17496125 0.94910549 0.04873579 0.76322834 0.56198618
 0.23443574 0.42772867 0.54228626 0.04750676 0.36625784 0.7829316 ]"
"[0.16878039 0.69603823 0.5067914  0.43068919 0.63730302 0.14545135
 0.06897276 0.50245682 0.58769759 0.26711806 0.79779039 0.95434141]","[0.46676394 0.93450453 0.20719359 0.34456378 0.34439468 0.17980694
 0.96141472 0.15875946 0.22572416 0.48718099 0.28998142 0.62591976]","[0.8663593  0.49298815 0.61551013 0.30934689 0.07330706 0.75778079
 0.90452194 0.98164433 0.6730189  0.48890013 0.0662047  0.22377957]","[0.64497208 0.99043096 0.04860012 0.28455317 0.27813728 0.08607547
 0.03167248 0.55238174 0.35782636 0.99480585 0.98489375 0.30359853]","[0.75338774 0.94358235 0.85743242 0.1828063  0.42106776 0.68699765
 0.44700086 0.38589283 0.99928224 0.61156105 0.51220635 0.46199402]","[0.61714557 0.79025284 0.10182691 0.84471512 0.3727854  0.40299821
 0.44557276 0.32422617 0.97013334 0.22407916 0.91336924 0.67238054]","[0.38410242 0.10195201 0.16370265 0.7100744  0.19271879 0.46737888
 0.37669863 0.35079652 0.51791855 0.15731637 0.83586809 0.43040479]","[0.62259579 0.30533487 0.04835487 0.8282148  0.69274546 0.67013193
 0.52199471 0.0985832  0.38287314 0.716582   0.68129661 0.61054032]","[0.27558118 0.92129443 0.52719933 0.31180291 0.26711175 0.0129354
 0.57286035 0.51943548 0.3331123  0.58526432 0.47520666 0.01785391]","[0.19325691 0.86703162 0.68066021 0.05094924 0.51294578 0.96274549
 0.21386141 0.36144567 0.11440461 0.57637181 0.49819025 0.16707744]","[0.01279151 0.25169503 0.64322863 0.84987667 0.54713854 0.48065509
 0.0658962  0.14837861 0.13097095 0.80479082 0.03467708 0.26836214]","[0.81638861 0.61681593 0.91310448 0.4512384  0.99212443 0.03619711
 0.21183275 0.13462392 0.32728816 0.58425572 0.2960979  0.17175106]"
"[0.16277927 0.75825386 0.31234999 0.23218108 0.38622826 0.02842511
 0.12780177 0.77170447 0.8101906  0.91390769 0.53936131 0.24039567]","[0.017894   0.82764875 0.14782736 0.81332158 0.50732114 0.76251136
 0.4460001  0.6544553  0.21985524 0.39938925 0.40157362 0.93192513]","[0.90325077 0.6340245  0.71057432 0.08950929 0.16361045 0.59604779
 0.61655136 0.46639424 0.668614   0.72150954 0.16207062 0.65971886]","[0.46276917 0.94503775 0.6745098  0.6773373  0.13430837 0.75930364
 0.59736416 0.94682189 0.42781622 0.41649535 0.15254007 0.09905897]","[0.94664832 0.4774986  0.47365228 0.91503522 0.1898216  0.14658806
 0.42016689 0.40187918 0.82310395 0.05639524 0.6350974  0.14568707]","[0.66778773 0.88069303 0.56102263 0.08828431 0.54299664 0.88607863
 0.25085723 0.45216154 0.18062322 0.97092798 0.48514029 0.65492001]","[0.47330726 0.29087146 0.72210864 0.90044407 0.50516151 0.81198966
 0.52522197 0.69621762 0.0235964  0.45335293 0.84039379 0.3280566 ]","[0.98139042 0.99173926 0.76071037 0.34682769 0.05034362 0.6544833
 0.97268005 0.68475084 0.94821739 0.38388593 0.19138384 0.4859125 ]","[0.0721585  0.55334375 0.38252537 0.54978199 0.79246022 0.10932268
 0.32147382 0.96966518 0.1272359  0.15158962 0.90147947 0.65917348]","[0.10272273 0.77642732 0.02312673 0.43805994 0.47003065 0.51573309
 0.29990984 0.24632571 0.20986512 0.52982459 0.34011191 0.66194449]","[0.14413412 0.94225785 0.73938872 0.81263398 0.11670555 0.53045518
 0.3339151  0.09137238 0.49054962 0.96749907 0.03135437 0.84169049]","[0.84084157 0.91498581 0.04374415 0.60515547 0.52174297 0.43808967
 0.93057963 0.07305182 0.02928905 0.89298369 0.47817109 0.73451883]"
"[0.93384363 0.22493796 0.35459233 0.80546191 0.58042574 0.8315234
 0.01578436 0.13571365 0.01567216 0.02421332 0.05322807 0.7788703 ]","[0.99253271 0.66663687 0.60469447 0.30519558 0.43658999 0.20173832
 0.18272384 0.05270457 0.52676583 0.56020827 0.54543969 0.28565022]","[0.99895868 0.24860465 0.1291388  0.20418033 0.1369201  0.4824541
 0.3307048  0.1983905  0.78030042 0.49624112 0.23227403 0.95228047]","[0.42505071 0.09718018 0.07645893 0.22137921 0.80267715 0.61833563
 0.72106898 0.87588302 0.07178667 0.44152613 0.23637699 0.68717769]","[0.59650568 0.75910882 0.03237193 0.16887146 0.10448584 0.97846872
 0.16549835 0.23682531 0.9433944  0.80637898 0.29644618 0.50385878]","[0.24730121 0.6070439  0.9289068  0.60007591 0.11447163 0.42437708
 0.61003947 0.20375451 0.77404826 0.9948973  0.70973841 0.81330299]","[0.59216966 0.31291903 0.99452039 0.91065186 0.34208119 0.95644219
 0.37356185 0.78053034 0.54259639 0.20886273 0.63861185 0.29703494]","[0.89610361 0.54747058 0.27262578 0.67649701 0.91272309 0.99012632
 0.64941032 0.06533676 0.97346771 0.56717177 0.65607356 0.14521681]","[0.12162048 0.63215048 0.38859804 0.43202448 0.33172175 0.50382216
 0.66607146 0.64701282 0.46977873 0.75306299 0.95352553 0.63203771]","[0.97026508 0.79246091 0.247534   0.24076902 0.63965806 0.80154543
 0.25286859 0.30389808 0.23256147 0.62293441 0.83077832 0.67020837]","[0.73049661 0.84297066 0.6119852  0.73814157 0.28911661 0.10969961
 0.37352493 0.99555211 0.78758233 0.88860315 0.04468585 0.54674555]","[6.10263203e-01 8.43788610e-01 5.06465428e-01 6.68476814e-01
 6.88718430e-01 1.02629476e-01 9.37047988e-01 1.80178930e-01
 2.05755313e-01 6.66959857e-02 5.68684316e-01 3.93625642e-04]"
"[0.88116677 0.66014318 0.270374   0.41814489 0.68608065 0.43300976
 0.42594683 0.06127101 0.17478639 0.40979163 0.25582895 0.97698404]","[0.31589015 0.08986203 0.17075001 0.82527795 0.67983632 0.67551604
 0.70850372 0.09856756 0.9362684  0.69751455 0.26029832 0.7120402 ]","[0.57106112 0.29972535 0.3328457  0.95673955 0.10724456 0.76940545
 0.24303726 0.93247128 0.90176734 0.87039622 0.87589269 0.51395793]","[0.48580814 0.69660461 0.40493563 0.32274923 0.89432703 0.24747836
 0.38775186 0.86742645 0.81928798 0.36615578 0.78541875 0.60233841]","[0.5539782  0.22487038 0.27554891 0.32069376 0.46581031 0.77132272
 0.72864759 0.15176692 0.40289772 0.34480132 0.11819362 0.37666442]","[0.22072283 0.71362533 0.81475028 0.38720619 0.09300945 0.34632037
 0.82772722 0.96985346 0.42702451 0.95670829 0.89914925 0.5818243 ]","[0.61987785 0.9792011  0.84604015 0.07604291 0.69606298 0.35195548
 0.3544325  0.25136807 0.83129103 0.05433226 0.15190212 0.51145874]","[0.71595272 0.27198508 0.26881022 0.5057212  0.29664943 0.8413315
 0.89571652 0.29262507 0.25975468 0.07078911 0.32106286 0.7626526 ]","[0.11900864 0.35021668 0.51534299 0.99608709 0.53678257 0.62862161
 0.12617246 0.33240456 0.09658935 0.11139367 0.62301151 0.26682341]","[0.39908996 0.32472139 0.63963044 0.84690859 0.57489232 0.05530971
 0.3708417  0.76572899 0.226563   0.02029228 0.64692116 0.78102833]","[0.83745241 0.72996941 0.66998699 0.49421296 0.82129857 0.62285959
 0.79200888 0.83141227 0.19771963 0.59476111 0.41523946 0.68000817]","[0.82726559 0.43835598 0.38501213 0.48562142 0.38900087 0.66818708
 0.4261381  0.91889073 0.81208656 0.65562312 0.80008294 0.89742978]"
"[0.61932656 0.97406652 0.13887144 0.6056995  0.10865831 0.48461583
 0.01631311 0.10664592 0.30913057 0.25379383 0.4767702  0.03158426]","[0.59008492 0.55953522 0.96747425 0.67470494 0.92156417 0.11986455
 0.02192096 0.67506253 0.81444723 0.26287661 0.49197388 0.61638742]","[0.40113802 0.48600332 0.95885023 0.70701636 0.01465493 0.47654489
 0.55415503 0.58729879 0.53591483 0.71929847 0.47506533 0.67657352]","[0.19453795 0.60831312 0.06760127 0.53045623 0.61197642 0.83467927
 0.06445142 0.56781497 0.51142835 0.09384597 0.46604992 0.16098711]","[0.14983965 0.01684396 0.14357312 0.28067409 0.85352715 0.39921513
 0.31422559 0.23751259 0.16239797 0.38778164 0.88523767 0.4390384 ]","[0.77428934 0.08749113 0.85430312 0.98295942 0.61350817 0.40509856
 0.38466579 0.18031718 0.00832567 0.8592066  0.56474468 0.3503753 ]","[0.5821012  0.87477466 0.75084398 0.50053441 0.26598432 0.91634032
 0.22739279 0.3498154  0.50601074 0.20095168 0.67760198 0.58714742]","[0.36087381 0.81063583 0.00288806 0.45554073 0.74400081 0.22434046
 0.09439851 0.45614237 0.84565453 0.69485111 0.62332655 0.19705926]","[0.39923888 0.98902179 0.41846186 0.9523507  0.49704601 0.37629938
 0.16806513 0.11899364 0.33819046 0.92176013 0.68790075 0.14157797]","[0.2820333  0.11156301 0.89216444 0.01526284 0.29370214 0.04852487
 0.00736277 0.83272354 0.39773915 0.37895307 0.01915528 0.51493337]","[0.90260711 0.48655703 0.83111709 0.43308097 0.31279356 0.96759046
 0.69807111 0.50811512 0.35016752 0.18865297 0.34732326 0.48038356]","[0.34667311 0.67276155 0.80932183 0.73232821 0.74105204 0.88501203
 0.67109136 0.58831894 0.88632555 0.39128855 0.05076024 0.55732223]"
"[0.41198612 0.0358878  0.98015777 0.50929716 0.96269194 0.13624038
 0.91183085 0.48777137 0.30414625 0.85797046 0.10610331 0.70348799]","[0.85256724 0.69849248 0.24519038 0.66519112 0.99033936 0.72288627
 0.47172929 0.53639372 0.93273556 0.4785696  0.90892466 0.19258995]","[0.3534051  0.14720186 0.16812863 0.54480386 0.25728166 0.65336236
 0.20411564 0.47097411 0.58484611 0.8313853  0.78880208 0.99250882]","[0.60076969 0.08130074 0.64544828 0.18146993 0.13827076 0.37545731
 0.02557841 0.88286068 0.95940059 0.65239597 0.87461245 0.13168596]","[0.8144949  0.40504788 0.55895319 0.51937222 0.42091237 0.2021572
 0.88872691 0.74820338 0.52799339 0.28877914 0.23479416 0.47243274]","[0.67709986 0.31185439 0.12574447 0.61699184 0.34131902 0.12342767
 0.5811414  0.40062103 0.8479361  0.67571614 0.26707937 0.60845775]","[0.77251811 0.45411221 0.93603299 0.96749415 0.91915388 0.20564172
 0.60269598 0.19253545 0.35288495 0.66505715 0.43770366 0.68736956]","[0.21820796 0.29602776 0.47106283 0.37215191 0.80277278 0.2982402
 0.22290542 0.49747827 0.0492163  0.13695519 0.80219545 0.07567737]","[0.05832296 0.69995784 0.44380538 0.80159592 0.0060474  0.32396478
 0.27369191 0.11146232 0.08255084 0.8978662  0.53359425 0.1789854 ]","[0.2283506  0.89723878 0.71973617 0.89755107 0.72805778 0.13384085
 0.92861689 0.06736407 0.13637443 0.00517957 0.24029804 0.85845439]","[0.06853823 0.17389727 0.06114518 0.93123056 0.17364134 0.03433656
 0.52950338 0.60050572 0.03030992 0.35346652 0.02253449 0.74206179]","[0.87451919 0.8781266  0.03670086 0.16376023 0.64080179 0.46048576
 0.10642337 0.96366286 0.58375651 0.97260011 0.56636548 0.51462431]"
"[0.77502066 0.20295202 0.37691074 0.17401977 0.23797938 0.07030704
 0.97256543 0.55386552 0.39681869 0.16977124 0.41125205 0.95898842]","[0.08799698 0.01160582 0.70003824 0.77360561 0.65386343 0.29175755
 0.59091042 0.73197243 0.4461167  0.97458129 0.70748254 0.09462875]","[0.82934078 0.4920765  0.59111568 0.2057331  0.90084696 0.83132151
 0.62896117 0.36430392 0.44853122 0.39412714 0.24382359 0.66605332]","[0.3356979  0.13566473 0.61961525 0.76724543 0.8470802  0.01672534
 0.43742304 0.07651884 0.8741389  0.65667423 0.06306304 0.46362706]","[0.90199222 0.92216238 0.39323678 0.12655138 0.74227801 0.65915208
 0.65989864 0.35164245 0.93093663 0.30611815 0.84374124 0.30894491]","[0.09138487 0.75056639 0.64114156 0.68153439 0.82776398 0.51330122
 0.14150865 0.4996814  0.38345165 0.56831574 0.27451156 0.37168858]","[0.4873292  0.79780084 0.75228298 0.73703015 0.83950798 0.98455651
 0.99553918 0.05985625 0.32256745 0.29076503 0.72641129 0.01699772]","[0.70404262 0.91168849 0.29026378 0.48686292 0.54333162 0.0053816
 0.87641953 0.99066617 0.40586361 0.45217596 0.8306379  0.5332479 ]","[0.71983843 0.90786162 0.48281155 0.11785002 0.87569348 0.71192902
 0.76343438 0.52318629 0.6607327  0.86098791 0.64859033 0.35023231]","[0.42027002 0.30121771 0.37993421 0.29015665 0.92046954 0.68108715
 0.29067294 0.44273087 0.7347451  0.56235441 0.12501588 0.69898666]","[0.11104869 0.55855426 0.3758017  0.31935155 0.86404495 0.19213393
 0.99999781 0.49379829 0.97859458 0.13631797 0.42691303 0.08815852]","[0.69085415 0.37598128 0.28942226 0.8744627  0.54743989 0.95545938
 0.31175344 0.00906261 0.99223728 0.55616799 0.2867383  0.57436028]"
"[0.38904204 0.03984153 0.93981754 0.32910604 0.41876521 0.8915348
 0.75872145 0.87928105 0.44493033 0.66245264 0.50017066 0.00337391]","[0.2240412  0.2222935  0.01706838 0.58842169 0.77655104 0.49875289
 0.91342809 0.33914126 0.3943054  0.37393058 0.2758361  0.56750374]","[0.85993812 0.0128674  0.88927943 0.39543185 0.12054366 0.89269508
 0.35354774 0.58568048 0.56772394 0.26467866 0.57563968 0.77673612]","[0.96373918 0.55199007 0.28478698 0.83877311 0.34053321 0.32926544
 0.02855084 0.21173974 0.35254084 0.48621097 0.47635405 0.64254473]","[0.59845241 0.93518438 0.40925553 0.63487786 0.43024996 0.44381035
 0.07655876 0.19480218 0.57826378 0.1188719  0.60491226 0.68536768]","[0.73926744 0.65200898 0.74437163 0.50964071 0.82341183 0.82937798
 0.02596856 0.89291389 0.92781406 0.42370499 0.87690104 0.96660864]","[0.78499612 0.43924602 0.71800131 0.44452866 0.20675068 0.6753975
 0.38769831 0.26629877 0.22556908 0.83796248 0.48589237 0.32664881]","[0.44255979 0.17282107 0.91415108 0.6009924  0.63157129 0.2738016
 0.10321395 0.96897335 0.57296864 0.99185501 0.33023158 0.80063113]","[0.07521456 0.32600436 0.28646652 0.14779962 0.48716906 0.28976285
 0.56314554 0.96684268 0.57633344 0.81213701 0.96123089 0.99091677]","[0.88075317 0.75473961 0.58293014 0.87743583 0.69278973 0.06695719
 0.13833763 0.32394759 0.09675426 0.51919026 0.7422485  0.08046874]","[0.58064161 0.60523342 0.21304587 0.9307586  0.0971097  0.95957367
 0.02974485 0.94703391 0.05461159 0.69379519 0.68333061 0.89449702]","[0.03248399 0.97704156 0.26281771 0.43461285 0.9690372  0.75306135
 0.13566523 0.73523137 0.13235221 0.11980247 0.37502738 0.62793455]"
"[0.5161961  0.96208449 0.23997177 0.13289749 0.99240763 0.64036036
 0.83622555 0.9633881  0.45923035 0.43681025 0.62964561 0.46244008]","[0.08618069 0.96963089 0.71133553 0.17809001 0.90505285 0.9692001
 0.80453697 0.03981196 0.54069304 0.48495206 0.50966067 0.55080324]","[0.71066902 0.38399738 0.77589516 0.97789262 0.61178499 0.97331654
 0.71147639 0.66261559 0.48042684 0.56121334 0.01615168 0.80972491]","[0.00739207 0.12722514 0.60287309 0.70839819 0.85950806 0.98478623
 0.69529825 0.92305315 0.71006507 0.4960124  0.02465719 0.45903871]","[0.38654013 0.19273069 0.81213119 0.89842516 0.41849824 0.55029548
 0.16946851 0.53266266 0.96403175 0.55867552 0.35270414 0.9589261 ]","[0.30068132 0.08410793 0.23936579 0.33928362 0.34570139 0.85488468
 0.65759283 0.49384184 0.89623498 0.22245254 0.26790505 0.48528366]","[0.25761368 0.90367457 0.11529781 0.068228   0.0374666  0.93824233
 0.15378128 0.13989709 0.84150228 0.03836445 0.01591532 0.39896848]","[0.14405205 0.07551592 0.07481345 0.14768492 0.73201241 0.34159633
 0.08348303 0.7164519  0.05885348 0.03379171 0.02796293 0.46182942]","[0.86341671 0.56369017 0.13334628 0.57394271 0.3204899  0.98319485
 0.23375388 0.81886515 0.07462055 0.05461956 0.04317746 0.23205936]","[0.24349056 0.6432112  0.56245793 0.44749842 0.01501406 0.44692037
 0.36543706 0.81104144 0.01913153 0.04450432 0.34914136 0.95891415]","[0.57119661 0.49122724 0.78910083 0.88242952 0.99285685 0.77049492
 0.82312934 0.22038484 0.11976895 0.269945   0.62213609 0.29491903]","[0.36832038 0.89920494 0.05323995 0.65155523 0.95223552 0.14342006
 0.52153456 0.30806363 0.08220749 0.16096843 0.01071883 0.74145564]"
"[0.74669243 0.4049578  0.35678829 0.9127784  0.12906225 0.18791553
 0.45445114 0.09971473 0.83667163 0.50011454 0.92850369 0.99505291]","[0.85498463 0.67941383 0.99014731 0.44542316 0.69669473 0.60142852
 0.95122263 0.9098561  0.82271522 0.58494215 0.20689729 0.46191208]","[0.07122921 0.97715528 0.46758709 0.3603252  0.2914356  0.47890224
 0.82794281 0.60623544 0.91776315 0.45528961 0.84310375 0.62954879]","[0.53658582 0.11615353 0.67183258 0.37971385 0.33952194 0.53280112
 0.75113831 0.79248208 0.86021787 0.78430343 0.07514924 0.85336631]","[0.51099655 0.36717073 0.27036774 0.61467167 0.60070148 0.30668526
 0.58229426 0.14251769 0.50838936 0.37782936 0.76662849 0.11749199]","[0.18080722 0.44329526 0.50703983 0.77538951 0.29163337 0.64362948
 0.70642873 0.87965903 0.85184737 0.18390911 0.77296711 0.03994363]","[0.15425163 0.27239996 0.81476459 0.46585048 0.73598279 0.85981968
 0.72907619 0.23364295 0.63309481 0.19985072 0.03273655 0.909957  ]","[0.28031701 0.78320212 0.54309973 0.11453181 0.05001794 0.72680159
 0.22317709 0.39763751 0.64646384 0.26066446 0.81297312 0.56302596]","[0.71756569 0.37768964 0.05839462 0.27025028 0.74423392 0.92553477
 0.06382774 0.57216182 0.04854239 0.01631863 0.08757451 0.28564942]","[0.40055592 0.61693888 0.65006864 0.01664567 0.07301471 0.11461334
 0.27220278 0.99784298 0.40578373 0.93807215 0.97476606 0.48529146]","[0.63888675 0.75820595 0.04588792 0.77709219 0.72135317 0.87259012
 0.73375652 0.25317167 0.49904469 0.41017022 0.25077899 0.07776068]","[0.94371717 0.75355738 0.34357577 0.92295686 0.982626   0.50902837
 0.70882337 0.62040078 0.22261034 0.59867165 0.4956614  0.49209181]"
"[0.31024733 0.7304021  0.68970731 0.75609702 0.68385968 0.67316628
 0.85122927 0.25646685 0.08051054 0.84740704 0.89340292 0.09656367]","[0.18533714 0.99501712 0.43630257 0.14731998 0.93405806 0.0585712
 0.55093816 0.85508638 0.30842303 0.31087673 0.22299804 0.69875375]","[0.44547166 0.12749435 0.06669143 0.13044601 0.33577798 0.23296472
 0.1998059  0.66925752 0.21321715 0.40442628 0.9567856  0.00673791]","[0.09487403 0.33791716 0.46234955 0.23296436 0.7650702  0.12393386
 0.69719826 0.87528828 0.15837648 0.57117083 0.70892039 0.26380197]","[0.84209933 0.0804836  0.2787343  0.68869853 0.75797785 0.74000151
 0.04406068 0.76541292 0.31192213 0.49749655 0.29677363 0.93605905]","[0.93521563 0.41885151 0.40713558 0.41201789 0.71868969 0.95442903
 0.55010151 0.74096945 0.59843004 0.76667684 0.15991415 0.16070658]","[0.73224524 0.2226929  0.54997196 0.67058945 0.76835303 0.16116807
 0.88722184 0.35598354 0.03587429 0.58172341 0.9446031  0.24873526]","[0.39790207 0.37622017 0.87922439 0.01529307 0.86977868 0.46003838
 0.9917486  0.00525047 0.53436633 0.77990417 0.78060181 0.46492795]","[0.92367901 0.36725206 0.8953058  0.30697327 0.1778538  0.22125522
 0.90066182 0.22498516 0.76701719 0.907731   0.81023671 0.68893118]","[0.20635917 0.23187999 0.48992715 0.25160705 0.53359001 0.21347067
 0.58724836 0.6288223  0.09465851 0.58531944 0.6358372  0.89286609]","[0.37910885 0.9872706  0.81181475 0.50066567 0.03033371 0.29312946
 0.48159032 0.47690399 0.16275469 0.04764778 0.43306974 0.57049533]","[0.48459557 0.38314694 0.11529857 0.28124718 0.33822673 0.00599308
 0.59948311 0.2678607  0.50490015 0.79620612 0.03262725 0.86938951]"
"[0.28155121 0.34360275 0.9069428  0.51810936 0.49372029 0.79858201
 0.65970498 0.81323692 0.06272161 0.29269076 0.82327587 0.75264813]","[0.22414247 0.25499383 0.27401022 0.81236216 0.91571444 0.69034582
 0.66372432 0.18695411 0.38926607 0.62145038 0.36541287 0.30835575]","[0.71951501 0.50248201 0.42862973 0.12688059 0.13581816 0.74698149
 0.28432367 0.31305748 0.95726256 0.94536776 0.94141531 0.37906512]","[0.37750678 0.52313464 0.15041234 0.27771986 0.7759266  0.06738035
 0.07948592 0.89122281 0.82178943 0.22540609 0.19572849 0.35804151]","[0.42197137 0.35405929 0.52539847 0.75887205 0.3944844  0.83764425
 0.56816593 0.90987248 0.73117777 0.91233845 0.04370638 0.04349598]","[0.90701053 0.35151269 0.5133773  0.52187736 0.01567699 0.35456476
 0.61315939 0.36766306 0.88280803 0.13765508 0.47308172 0.52131781]","[0.91681938 0.53497076 0.48222377 0.97123005 0.56575394 0.94958314
 0.18996342 0.22297985 0.65323517 0.66282    0.55158699 0.66153409]","[0.69737879 0.88620064 0.83705419 0.15664759 0.86957943 0.55687996
 0.30273663 0.25133209 0.47107424 0.03753129 0.47521646 0.38191255]","[0.43665322 0.97080767 0.47389324 0.29398319 0.91901915 0.63265762
 0.00984491 0.47745219 0.02266058 0.64617397 0.9682363  0.16360876]","[0.22033575 0.79341929 0.53759637 0.08282572 0.33626262 0.45607038
 0.74381883 0.37660887 0.17437513 0.83833482 0.40481884 0.02678   ]","[0.57947213 0.1427785  0.39363447 0.27313521 0.42973069 0.45806313
 0.49812708 0.54050609 0.13656375 0.63348448 0.6654228  0.53100198]","[0.07770572 0.74410566 0.71487778 0.57111312 0.16887527 0.26940589
 0.23904192 0.51770503 0.56817747 0.17807077 0.75906922 0.86497659]"
"[0.37910486 0.58953533 0.30684464 0.7789923  0.23605291 0.67575411
 0.22667066 0.84846606 0.08358095 0.31431077 0.68819062 0.66363504]","[0.81588325 0.75958763 0.68769804 0.15598358 0.02574999 0.45745598
 0.58618969 0.78426035 0.77609159 0.97105364 0.39886289 0.05442445]","[0.4049008  0.45129986 0.46628893 0.34740775 0.4172082  0.45594584
 0.35057786 0.37111684 0.4587637  0.69734087 0.82309528 0.34814047]","[0.25017924 0.11982291 0.96863333 0.87104582 0.95310162 0.80252755
 0.05818062 0.09611736 0.11930462 0.84106107 0.27551257 0.4051156 ]","[0.9719012  0.8936405  0.44906517 0.85753415 0.22911027 0.85569394
 0.02163171 0.93037731 0.37439671 0.42827266 0.77786276 0.66967919]","[0.73896692 0.51836892 0.10254297 0.43619222 0.38574321 0.83523514
 0.78994861 0.47120179 0.59775398 0.89899879 0.29866814 0.60780451]","[0.62700082 0.96183133 0.10043093 0.07837946 0.63994916 0.51985521
 0.33712012 0.52336774 0.75065724 0.59184696 0.26718464 0.70715745]","[0.73169715 0.72276692 0.05197582 0.03760655 0.49459552 0.69603564
 0.29819302 0.54591465 0.4135509  0.14854291 0.06622116 0.75998827]","[0.6749436  0.10622659 0.3009271  0.61312372 0.26836263 0.24551585
 0.84085721 0.49175437 0.09942839 0.84825838 0.94556973 0.46011074]","[0.78266756 0.04165904 0.86785588 0.50895258 0.96997553 0.12329331
 0.45699378 0.22183445 0.03232611 0.19344272 0.66849808 0.10675331]","[0.24628125 0.64550819 0.55483793 0.39856838 0.3809071  0.28692846
 0.26209726 0.48375465 0.82051156 0.96523904 0.69057855 0.61272502]","[0.44229422 0.29284376 0.81427072 0.20953691 0.18437212 0.21946173
 0.67022187 0.08626726 0.65466579 0.11372953 0.06654039 0.07780101]"
"[0.59696776 0.63762081 0.96368602 0.05111871 0.16680867 0.06167803
 0.29230041 0.35258566 0.35602921 0.25610088 0.18860594 0.68228135]","[0.43983693 0.62134512 0.98169765 0.90674865 0.53367956 0.16443843
 0.96386776 0.86496069 0.09160744 0.16393251 0.70252646 0.01822204]","[0.19599454 0.2991942  0.04269242 0.08574359 0.91560582 0.47998813
 0.36746979 0.44007614 0.39623128 0.1749007  0.35578863 0.11776371]","[0.23763867 0.85914151 0.9547962  0.61277621 0.37205769 0.73279991
 0.58077519 0.03366401 0.46121256 0.96318468 0.61516939 0.69450041]","[0.52279714 0.01468315 0.06742698 0.31414552 0.07904234 0.39664291
 0.87435515 0.04643645 0.25475498 0.82112962 0.11852196 0.19216073]","[0.80781698 0.83443135 0.04109406 0.45075482 0.2880049  0.40580925
 0.07499605 0.72860226 0.11173659 0.17206676 0.00925272 0.12479114]","[0.30128733 0.07798251 0.95688452 0.80364418 0.10642404 0.58156461
 0.72844822 0.77024787 0.99219915 0.60027261 0.19649091 0.72558352]","[0.74689556 0.44984143 0.73457596 0.43944704 0.51385176 0.93709627
 0.42214789 0.47741099 0.7526937  0.23468512 0.45355325 0.45356601]","[0.73846028 0.01133572 0.81045751 0.99482463 0.3372061  0.6616759
 0.89521932 0.12206496 0.516963   0.90552359 0.34058756 0.12309693]","[0.17148717 0.26022193 0.74531146 0.00139146 0.82586019 0.98070101
 0.02502834 0.03175993 0.39295561 0.43021667 0.0870596  0.28488844]","[0.35986666 0.21430886 0.51061953 0.52268111 0.84235234 0.62815301
 0.51945506 0.157219   0.12210775 0.44972588 0.77804161 0.41224351]","[0.22056242 0.66605198 0.00682248 0.47335572 0.7648917  0.58532886
 0.06416177 0.99482636 0.81522388 0.45267047 0.30956592 0.46256731]"
"[0.34807041 0.99233427 0.77290274 0.93164731 0.26580669 0.90046431
 0.39338875 0.52520233 0.8464673  0.20612845 0.42712779 0.69414272]","[0.49472974 0.42440368 0.10226593 0.12769045 0.58103879 0.0792369
 0.70134793 0.28197727 0.25375573 0.39011968 0.10570887 0.77283893]","[0.88562701 0.7276188  0.65454653 0.20192711 0.73530513 0.67250538
 0.80631164 0.85615974 0.82120734 0.09210609 0.44001302 0.7062585 ]","[0.87794294 0.77972888 0.73550446 0.44111097 0.77360368 0.58837473
 0.43837233 0.50723467 0.9928064  0.98570917 0.77635579 0.75783811]","[0.8814543  0.02366726 0.4034651  0.69320034 0.76701726 0.19286844
 0.71040224 0.02862269 0.61811028 0.16000781 0.85249115 0.46488251]","[0.39624781 0.52453449 0.0715363  0.72076049 0.99895329 0.11390692
 0.2711853  0.96049696 0.98784322 0.6109014  0.72084674 0.25017522]","[0.69900399 0.38951548 0.17585106 0.48755511 0.05846929 0.77469909
 0.99301394 0.5202368  0.88512099 0.64929616 0.72888354 0.4716133 ]","[0.12064509 0.17280823 0.72767702 0.87699022 0.57806087 0.83884375
 0.36571839 0.37284816 0.06807825 0.44854461 0.37887806 0.74954868]","[0.14810041 0.55444873 0.65245595 0.25050994 0.75371477 0.59664021
 0.78069719 0.32836947 0.10758381 0.40522197 0.04008629 0.08137354]","[0.32070589 0.19259986 0.43098866 0.74267145 0.37962798 0.94439188
 0.27922511 0.93809763 0.75775717 0.45339159 0.74936646 0.35941575]","[0.84376065 0.8150776  0.12738646 0.07880023 0.76890297 0.26108025
 0.43495732 0.3457579  0.97955285 0.66897619 0.22617622 0.81606174]","[0.44870209 0.34961342 0.81371118 0.21129108 0.98340714 0.45198063
 0.6315984  0.31343527 0.33980992 0.21586647 0.19731671 0.94345222]"
"[0.18674836 0.26527184 0.95080422 0.94464349 0.41866081 0.287594
 0.62863284 0.84466753 0.56656106 0.91722354 0.7397518  0.37140002]","[0.28317197 0.74884569 0.30300198 0.5255237  0.4273538  0.41592438
 0.56526381 0.9564313  0.98203108 0.58623637 0.51343503 0.82760382]","[0.6237117  0.02820211 0.64648196 0.74000868 0.8827428  0.69185997
 0.37474191 0.08891184 0.32181069 0.04425712 0.22188199 0.58660386]","[0.95532968 0.61132653 0.04199276 0.36720574 0.25967092 0.22897394
 0.91844856 0.86837699 0.51460999 0.50621557 0.39793455 0.50271238]","[0.92490799 0.54175834 0.73734097 0.62256324 0.15688223 0.88610436
 0.20843779 0.96478163 0.76309196 0.02740565 0.22038274 0.15820231]","[0.88703585 0.95116115 0.16772665 0.36094287 0.77872531 0.11645647
 0.86197539 0.23964371 0.51670521 0.92960769 0.28825793 0.6109875 ]","[0.76803282 0.83019677 0.16497112 0.86678119 0.1127319  0.40491102
 0.31337646 0.95808172 0.72480968 0.89184762 0.87528051 0.38374191]","[7.44649260e-01 6.15862029e-04 3.19693256e-01 8.61657257e-01
 3.99117813e-01 3.69220270e-01 8.42424470e-01 8.25706814e-02
 3.57640211e-01 1.42008416e-01 6.58405179e-01 6.12586247e-01]","[0.38657085 0.24484466 0.95406237 0.57035564 0.64220928 0.56739071
 0.13051862 0.95075628 0.73822175 0.38951825 0.29072617 0.71632186]","[0.61245859 0.68135789 0.93375393 0.58715317 0.4011846  0.04951523
 0.868752   0.16886845 0.13353049 0.09966033 0.62495211 0.7208894 ]","[0.58638359 0.49292984 0.57988347 0.47247376 0.00164717 0.65432111
 0.49057105 0.18398899 0.8024461  0.4047482  0.90214384 0.40125049]","[0.29202302 0.06452098 0.75801859 0.79559827 0.5165492  0.87354654
 0.92099677 0.83626513 0.97683458 0.19335609 0.73841393 0.49879867]"
"[0.87890034 0.57386069 0.2016163  0.13704149 0.59516206 0.90302032
 0.32746601 0.88027296 0.51488326 0.86900573 0.66801174 0.52148983]","[0.73895826 0.76596602 0.49341869 0.67813784 0.00980147 0.39823902
 0.05568431 0.71746292 0.84628748 0.39500701 0.02984211 0.29394688]","[0.50866121 0.05803617 0.8671141  0.45126061 0.2351754  0.57321195
 0.02304168 0.25815507 0.33549542 0.6997852  0.01153161 0.73630027]","[0.81881192 0.37077914 0.20413482 0.58699292 0.7555545  0.71110083
 0.39452877 0.44416927 0.6963017  0.00816846 0.79157805 0.45911835]","[0.23920606 0.73466068 0.60925203 0.6928297  0.59789225 0.65865635
 0.02099639 0.79405837 0.02532266 0.26588542 0.51960743 0.40975813]","[0.88000383 0.66789988 0.57105009 0.29358352 0.74941106 0.06347911
 0.13964206 0.96373425 0.89519026 0.11076485 0.86655155 0.90662632]","[0.21200285 0.58250184 0.64539309 0.33106877 0.00443213 0.57155937
 0.89194992 0.96900207 0.83923467 0.45027577 0.46495118 0.25280011]","[0.69148732 0.39633708 0.94663344 0.38281279 0.14376547 0.89671629
 0.41437636 0.62749597 0.33583732 0.17250835 0.14429444 0.14401374]","[0.48684054 0.2417562  0.67037809 0.94163518 0.97878751 0.11235716
 0.84600691 0.7384017  0.64812545 0.27276664 0.24594433 0.30460497]","[0.89353976 0.64305977 0.64478589 0.36014566 0.23298925 0.36329765
 0.91361981 0.05064299 0.33828531 0.00927198 0.82184882 0.82723056]","[0.05383917 0.89633664 0.42442789 0.52754274 0.36303833 0.91200796
 0.33885646 0.73167403 0.82507792 0.42792665 0.78399707 0.35677794]","[0.30387526 0.37458534 0.45008513 0.96061596 0.15451083 0.68621831
 0.98100592 0.7947104  0.27820431 0.76608306 0.12236552 0.78317729]"
"[0.78074516 0.80360636 0.04104196 0.9467057  0.43888902 0.95050017
 0.70636163 0.41499593 0.00698819 0.30171449 0.78314265 0.60364119]","[0.7406173  0.53788017 0.01548396 0.38611166 0.61607541 0.97006516
 0.95842463 0.3866413  0.13921368 0.73281195 0.08773276 0.41888653]","[0.82010621 0.14051887 0.91556844 0.23742686 0.69360876 0.49015023
 0.11585675 0.10706765 0.06253224 0.02649121 0.85097179 0.37449818]","[0.76063793 0.08766937 0.5155311  0.46886802 0.60118296 0.81581436
 0.31198152 0.31494075 0.382793   0.32403107 0.90998786 0.85597948]","[0.44103255 0.23718388 0.23367729 0.71739357 0.80200071 0.41559813
 0.74633939 0.37097059 0.56109762 0.2128854  0.78262394 0.53303465]","[0.80309395 0.85233765 0.16020904 0.35432328 0.23975457 0.65572198
 0.50457808 0.53432051 0.52505046 0.28661291 0.55080754 0.57634924]","[0.66004539 0.76620301 0.82108004 0.53695463 0.7982044  0.07756333
 0.30649832 0.86084123 0.9934837  0.61051186 0.62620175 0.12244157]","[0.4438648  0.27602067 0.71121906 0.17035271 0.1345524  0.82945821
 0.43466485 0.65880862 0.88550088 0.62470588 0.41553999 0.7522168 ]","[0.20588236 0.84234613 0.69388385 0.2052046  0.12994686 0.37325128
 0.12248336 0.68656052 0.39739692 0.82631735 0.50118524 0.96673383]","[0.80416263 0.8932376  0.32421777 0.17418824 0.89360946 0.21555322
 0.01376035 0.17761486 0.5936036  0.84225267 0.97842608 0.77089242]","[0.17730453 0.63612536 0.53700815 0.95215574 0.58361641 0.70068903
 0.9671949  0.76412791 0.50272572 0.09563728 0.23340462 0.2758175 ]","[0.31291523 0.09583004 0.19192538 0.65630887 0.82899229 0.73655402
 0.39359595 0.01122198 0.94391121 0.02729968 0.10768573 0.41118853]"
"[0.21243494 0.76902107 0.1885938  0.61892645 0.84324593 0.95038846
 0.99722638 0.59299543 0.41992375 0.20608989 0.39558885 0.40674932]","[0.22866218 0.44438919 0.9615637  0.94972893 0.57134593 0.21705466
 0.20413161 0.69736355 0.21973393 0.81464846 0.61047317 0.10393393]","[0.10741019 0.2739084  0.32325751 0.57246637 0.78278875 0.3493965
 0.21231989 0.76496251 0.2419981  0.34766192 0.00754158 0.6338618 ]","[0.32390917 0.65438407 0.68874673 0.02251152 0.6235661  0.90201637
 0.95235101 0.77590153 0.53599843 0.76333445 0.41123874 0.66956833]","[0.80451478 0.94264615 0.91525866 0.45845494 0.76233681 0.44978422
 0.47059783 0.89738748 0.36164529 0.61693768 0.95194596 0.03707606]","[0.56038242 0.10662211 0.72376696 0.63094016 0.20287445 0.08066169
 0.85841935 0.5857055  0.28256427 0.1421938  0.17505578 0.07149529]","[0.30316606 0.22005559 0.21035084 0.51056446 0.4242006  0.67988424
 0.52804018 0.75268758 0.34207012 0.60792221 0.4051579  0.34179963]","[0.58518574 0.04875422 0.84520939 0.80285288 0.92004096 0.7494822
 0.90954711 0.61331029 0.41459234 0.01824055 0.2960612  0.93431384]","[0.61717261 0.76879478 0.09238504 0.07346964 0.26800138 0.87706999
 0.58425739 0.14910645 0.83877201 0.87689525 0.89635736 0.64959189]","[0.36294463 0.93565247 0.6993233  0.93579572 0.2317914  0.69272974
 0.23040816 0.78275253 0.81097536 0.71573656 0.67333493 0.74413023]","[0.355855   0.38776446 0.73525731 0.44230541 0.87825835 0.36976029
 0.94072877 0.48758589 0.4857631  0.43882158 0.90145511 0.06366265]","[0.91120436 0.05908335 0.23361089 0.41517996 0.75867546 0.74977791
 0.93649116 0.8890944  0.04426974 0.00323309 0.52822729 0.43233993]"
"[0.46255466 0.27994521 0.26563239 0.92981197 0.16559355 0.2017644
 0.52079634 0.37808871 0.16673432 0.41614709 0.23957961 0.73317427]","[0.7072822  0.01133664 0.90136216 0.73947984 0.58253432 0.55018715
 0.9611404  0.96453713 0.85918529 0.85610993 0.334697   0.64372661]","[0.01272533 0.46100745 0.53492844 0.90078881 0.18277626 0.16496911
 0.78328103 0.24801866 0.56323167 0.86264093 0.03182192 0.22398329]","[0.69987343 0.96800708 0.53015457 0.01448108 0.93394626 0.28772479
 0.71326314 0.31222779 0.44184807 0.39542031 0.6535202  0.81665415]","[0.50168347 0.39852605 0.17588474 0.99287035 0.45560153 0.77276607
 0.12605944 0.3468019  0.07049781 0.68557193 0.03489343 0.92046794]","[0.38049922 0.058      0.0980444  0.51500136 0.87259097 0.70942865
 0.03202711 0.73950479 0.05170939 0.13750809 0.43310572 0.54841437]","[0.16703935 0.02730079 0.16043691 0.87897883 0.0109844  0.8432976
 0.64918331 0.04279069 0.08912294 0.79992571 0.09914937 0.96219713]","[0.61694278 0.0201063  0.8320955  0.50388424 0.94607849 0.42804864
 0.00505991 0.40526237 0.85328542 0.19215114 0.67004273 0.03296536]","[0.43057343 0.61579906 0.27757777 0.80520441 0.03894535 0.39840179
 0.24659635 0.91125791 0.61902304 0.92715693 0.43664273 0.28109769]","[0.38531286 0.04258896 0.54916849 0.54847201 0.98033791 0.95652234
 0.82191998 0.73719914 0.20043884 0.17330118 0.71901677 0.55503709]","[0.43541306 0.87715678 0.28930809 0.17840218 0.44377438 0.53199401
 0.29116404 0.35268199 0.9943237  0.78506859 0.49702121 0.24866194]","[0.80729797 0.40689486 0.2155797  0.93794454 0.58652787 0.81409773
 0.6883495  0.09461617 0.09888311 0.17135033 0.40430503 0.79950943]"
"[0.85199938 0.64177021 0.35301255 0.55619224 0.57284757 0.49852557
 0.11949551 0.54153895 0.75712042 0.77943087 0.66034492 0.61461101]","[0.45642481 0.14017128 0.6468795  0.4097616  0.33378618 0.83908951
 0.31310613 0.32000185 0.01930213 0.75073521 0.59524164 0.95865502]","[0.2358599  0.99159613 0.32623929 0.13127222 0.25970079 0.20846377
 0.16140627 0.10110041 0.74727227 0.48476085 0.3641099  0.1667622 ]","[0.81888049 0.89907608 0.86119543 0.14721709 0.22019069 0.09850455
 0.99507738 0.87344318 0.23279106 0.7913132  0.64429709 0.24000683]","[0.09979925 0.25423316 0.24372336 0.96971095 0.1054459  0.46636073
 0.92817056 0.13580548 0.00235589 0.05626649 0.89037326 0.39742283]","[0.28983438 0.38521234 0.07424861 0.58768176 0.49063424 0.25575577
 0.71136012 0.59552118 0.86560384 0.75994347 0.40046964 0.47335381]","[0.39092814 0.31671486 0.83851994 0.89555058 0.19598896 0.84138042
 0.33870423 0.48764128 0.18969557 0.62969594 0.82676137 0.59201302]","[0.53413499 0.59370874 0.16357944 0.13648613 0.28369336 0.13868952
 0.54998962 0.0373784  0.22805075 0.61944237 0.06909732 0.00163483]","[0.23551991 0.44139379 0.08211005 0.34813803 0.38465263 0.10350311
 0.07051636 0.64561355 0.05327096 0.05941177 0.60652854 0.76106505]","[0.99032906 0.43341767 0.01302918 0.67523247 0.43190622 0.9009504
 0.94275396 0.76212551 0.59408226 0.65259195 0.0901006  0.74033005]","[0.14768254 0.83850677 0.18081127 0.61513654 0.8143654  0.019058
 0.71700633 0.83775451 0.3739328  0.23797936 0.61545741 0.55379943]","[0.03862805 0.99345478 0.22508961 0.24385686 0.94253793 0.98993258
 0.13206727 0.86666926 0.61567412 0.63735114 0.20716446 0.13475122]"
"[0.48981711 0.34439907 0.2184412  0.30413557 0.85162374 0.46048391
 0.97954641 0.41419931 0.17977824 0.92756126 0.41419104 0.32142362]","[0.44399293 0.64934737 0.80164652 0.72266742 0.14476248 0.50846228
 0.05062482 0.74417958 0.50089268 0.82411205 0.43672787 0.98699156]","[0.78527125 0.93889454 0.73893042 0.94478224 0.20492299 0.52445867
 0.83615545 0.89212763 0.51130328 0.54004237 0.25647103 0.67480142]","[0.06060549 0.41574077 0.0502083  0.43421218 0.18014009 0.94781199
 0.52816203 0.4138286  0.85084384 0.66135605 0.03320359 0.50250342]","[0.95605376 0.87660885 0.29669993 0.31341181 0.16187986 0.92828011
 0.82371655 0.87512455 0.38983385 0.4353804  0.1349378  0.6536526 ]","[0.73708715 0.43396701 0.79050373 0.06275536 0.70734532 0.39461376
 0.96595032 0.89945239 0.80227169 0.84251816 0.07765694 0.81773917]","[0.98660966 0.94750969 0.82006052 0.34270973 0.57850257 0.50092483
 0.49634426 0.69016372 0.236101   0.5778147  0.58381147 0.7200698 ]","[0.88337561 0.67072738 0.35673659 0.83594127 0.55300105 0.12096067
 0.31821478 0.76808333 0.39699604 0.06184455 0.558425   0.51726167]","[0.00430456 0.52950973 0.99409516 0.75126682 0.99665281 0.06006183
 0.71632704 0.05003188 0.19484231 0.46525548 0.72260034 0.41965294]","[0.52998842 0.00777398 0.23940555 0.02255539 0.5594906  0.4877194
 0.70591428 0.08719552 0.46155205 0.45815591 0.37255269 0.94179215]","[0.11718559 0.28212703 0.003852   0.92821956 0.38527357 0.09908141
 0.02250698 0.45686365 0.68584277 0.83557911 0.00248843 0.82573834]","[0.61532728 0.56548695 0.30391842 0.90413535 0.8577583  0.65409559
 0.60703493 0.37610131 0.89342476 0.21609948 0.64154265 0.9878133 ]"
"[0.34627042 0.89644395 0.72065512 0.93031408 0.29365783 0.3940323
 0.32740651 0.28569705 0.2845039  0.59331804 0.99056443 0.9530682 ]","[0.09243769 0.50832893 0.39389852 0.85216326 0.68082372 0.74417901
 0.99582206 0.92187148 0.1173447  0.45297368 0.31743393 0.19086864]","[0.64258674 0.90172125 0.52347909 0.44813978 0.14101002 0.22601637
 0.36062716 0.35598603 0.32037151 0.03513479 0.6586683  0.29451556]","[0.08880059 0.73345658 0.60801356 0.9761905  0.11386951 0.53434793
 0.1658756  0.39801288 0.39224776 0.18360967 0.29911029 0.19601207]","[0.71447741 0.39750844 0.87700924 0.00842796 0.18714494 0.49451313
 0.91170156 0.55677811 0.04325092 0.08566424 0.59451221 0.83002205]","[0.09545555 0.46097398 0.84472715 0.14745337 0.22964974 0.46431284
 0.32004807 0.99857662 0.34474615 0.54857843 0.46528461 0.08382125]","[0.87490286 0.67671355 0.12682992 0.88136437 0.71705058 0.97387634
 0.60493391 0.94821122 0.39075565 0.24495893 0.48369556 0.65974383]","[0.26616213 0.5468946  0.16296168 0.89731625 0.12275693 0.37568999
 0.58083092 0.74378654 0.72153498 0.09694017 0.19956028 0.4853268 ]","[0.68291342 0.54991129 0.77591239 0.13979383 0.36967849 0.53290738
 0.63686908 0.45449877 0.60167917 0.55689922 0.9140782  0.41504586]","[0.63505633 0.11108854 0.11277055 0.61256795 0.0670554  0.51289085
 0.61264104 0.47634078 0.83517234 0.28672094 0.26760161 0.42591565]","[0.25647922 0.27818832 0.70358162 0.85114843 0.22371384 0.68723733
 0.81137652 0.08657327 0.48490097 0.27611985 0.14851717 0.57938843]","[0.53001651 0.7200018  0.09218481 0.02965564 0.82427288 0.29818671
 0.82474646 0.28955187 0.57293622 0.52639027 0.57883511 0.58177041]"
"[0.86550851 0.3322446  0.4671523  0.72528385 0.79592053 0.49550793
 0.78390364 0.32258881 0.08332394 0.56168028 0.74540229 0.74404295]","[0.71424993 0.2300022  0.1689312  0.83598062 0.44686536 0.20261738
 0.04322762 0.7013089  0.72131085 0.572762   0.34783182 0.35391383]","[0.22232232 0.35266745 0.67449359 0.46990046 0.43310113 0.62244588
 0.53783118 0.92092159 0.66172946 0.82059113 0.82344951 0.77490342]","[0.97408593 0.80665185 0.8631863  0.04011154 0.24590956 0.6985704
 0.92560894 0.978399   0.90028243 0.11266099 0.29929507 0.28101738]","[0.33983587 0.52229695 0.15015391 0.2158076  0.91666671 0.15675113
 0.33354102 0.63749274 0.87081363 0.38329828 0.70822691 0.15561322]","[0.40248883 0.72780419 0.85158016 0.8465595  0.73579563 0.25186256
 0.89260556 0.70858569 0.60396762 0.14857696 0.15923157 0.43661133]","[0.71944352 0.19965787 0.69393861 0.78020645 0.23916227 0.44856283
 0.06429635 0.60894777 0.86726234 0.04837439 0.45958441 0.08413406]","[0.76585901 0.70806561 0.44378557 0.4401585  0.79613766 0.44732261
 0.31338819 0.93089186 0.35173188 0.39003398 0.79219234 0.49054224]","[0.41944979 0.54150153 0.82626288 0.34808843 0.87890221 0.50249446
 0.97948516 0.84785428 0.52219114 0.17716564 0.20284244 0.94956712]","[0.15264659 0.24162317 0.70641285 0.84014203 0.2960763  0.3321179
 0.92714338 0.04536804 0.46612779 0.57700238 0.8802533  0.22194573]","[0.28625454 0.99301189 0.46700045 0.86885863 0.75762265 0.76695015
 0.99161331 0.87142363 0.75096176 0.71201209 0.65036813 0.57032918]","[0.40593157 0.96922924 0.12349977 0.94598008 0.6763068  0.11777945
 0.15401717 0.15814338 0.25334377 0.7368855  0.91767239 0.91046381]"
"[0.44603176 0.91815958 0.47671485 0.81970514 0.01535521 0.44761453
 0.87515501 0.34877509 0.82297128 0.91051402 0.93792343 0.10471542]","[0.01972916 0.39537661 0.24253975 0.90943839 0.38289147 0.47165704
 0.57869293 0.85176972 0.14576604 0.58289114 0.5848849  0.38996733]","[5.34016202e-01 9.40939709e-01 2.56209177e-02 4.72991251e-01
 8.11477457e-01 7.88805424e-01 8.09204051e-02 6.05736489e-02
 5.88427463e-04 7.61309162e-01 2.90061891e-01 1.89102508e-01]","[0.3781017  0.00171373 0.2375162  0.64549123 0.21075127 0.61338307
 0.09434333 0.9022314  0.96320067 0.8456517  0.32204955 0.30385003]","[0.34382    0.04623896 0.94189797 0.64905463 0.47533331 0.82442267
 0.13059808 0.51030971 0.50673708 0.86784652 0.78437804 0.04356004]","[0.38341528 0.23320227 0.82423882 0.27135242 0.65836648 0.01710998
 0.70430203 0.49322155 0.23610415 0.25444432 0.7928444  0.53106928]","[0.35554486 0.81393175 0.59860979 0.05757672 0.78277174 0.51996929
 0.69233484 0.03134604 0.54694906 0.45481468 0.26904219 0.43406033]","[0.40606079 0.85073004 0.39210239 0.47605629 0.32969497 0.98903912
 0.07759603 0.47306646 0.26952502 0.6667156  0.52484576 0.73845347]","[0.11741542 0.66674503 0.37066797 0.24509334 0.33855676 0.85270603
 0.46474231 0.14499112 0.69642438 0.04966933 0.61491861 0.40829332]","[0.4391048  0.77243386 0.57061044 0.10355585 0.98720692 0.0615087
 0.64838116 0.70977965 0.53430917 0.14097504 0.4702239  0.02341338]","[0.76932847 0.14418991 0.04240429 0.8096584  0.6758796  0.07093815
 0.50530755 0.83901396 0.16672411 0.04336369 0.70979556 0.09437854]","[0.12538527 0.53449778 0.30202668 0.50290898 0.85145008 0.83612489
 0.49609987 0.95082099 0.10660429 0.81555331 0.0755768  0.31882937]"
"[0.04444214 0.30538353 0.81031358 0.92406049 0.02862197 0.28349171
 0.46025264 0.76471037 0.80885309 0.41673871 0.01982678 0.20858041]","[0.69648958 0.42867564 0.21154309 0.45051033 0.86370853 0.16631629
 0.05817154 0.04172776 0.99901187 0.55663061 0.16609595 0.32266795]","[0.13582544 0.2356965  0.0836686  0.82901653 0.56515815 0.36662357
 0.28780112 0.42893791 0.80545738 0.37228934 0.94302193 0.68225964]","[0.80334951 0.25188212 0.57555583 0.2944163  0.18988047 0.87594273
 0.70490924 0.03208302 0.06436883 0.03177767 0.52946506 0.63141332]","[0.99149503 0.38631353 0.39783284 0.99671291 0.75577961 0.8358146
 0.98603785 0.68807899 0.5221916  0.63254594 0.41160689 0.74735905]","[0.03183379 0.54631534 0.69310199 0.08959563 0.97955651 0.22298834
 0.31117656 0.76650588 0.95089578 0.8766372  0.7427957  0.08406128]","[0.05973579 0.12785824 0.59010028 0.60638913 0.48063089 0.00984558
 0.31675351 0.72231273 0.34775433 0.67392055 0.12212305 0.15006759]","[0.90768636 0.56223081 0.37566689 0.0706137  0.50946074 0.79037865
 0.16833057 0.4020462  0.70879483 0.11770421 0.04515377 0.45982362]","[0.95042581 0.48857777 0.2131075  0.5277854  0.17159551 0.05126716
 0.49394952 0.99832302 0.19010834 0.92957755 0.98421796 0.057152  ]","[0.41552919 0.68008734 0.19115488 0.3315228  0.72747344 0.97645803
 0.98227029 0.39947011 0.205717   0.95977131 0.76096557 0.04702134]","[0.36362758 0.73799844 0.88123744 0.24672252 0.66671492 0.83125008
 0.66194205 0.71153677 0.72552257 0.96313589 0.72685833 0.40664228]","[0.55931522 0.34148577 0.37331132 0.97189376 0.88839506 0.45473907
 0.31509782 0.32293084 0.68033871 0.08195346 0.35599606 0.17762127]"
"[0.71306872 0.56421445 0.34735914 0.77937754 0.57637747 0.63714481
 0.84870603 0.08096363 0.93894733 0.49219012 0.36401368 0.28387359]","[0.82754616 0.46413365 0.79139327 0.55003458 0.42377247 0.82866564
 0.73054712 0.2865318  0.67347922 0.73683101 0.79168226 0.88376712]","[0.03245956 0.13353154 0.41914205 0.57418893 0.33550264 0.74563214
 0.7103859  0.99683232 0.05128236 0.39687157 0.07941158 0.29218113]","[0.94463617 0.01199296 0.91555169 0.85234187 0.52061643 0.25083107
 0.026999   0.21173049 0.06835769 0.99888368 0.58462913 0.93056659]","[0.3695912  0.3154849  0.63642554 0.55805234 0.05719853 0.46029717
 0.16364609 0.32909782 0.24072383 0.76612266 0.01575817 0.45304418]","[0.6098357  0.85554914 0.27285749 0.49596896 0.35997217 0.97394222
 0.72233146 0.74279115 0.58528925 0.8076274  0.39604687 0.70770915]","[0.07603437 0.49201483 0.77115912 0.73205465 0.65942024 0.46026929
 0.8103675  0.79697244 0.35491238 0.55740271 0.42237657 0.4708592 ]","[0.16789542 0.32539366 0.40703583 0.53966197 0.64181226 0.89180455
 0.8382725  0.14631427 0.92656871 0.92252349 0.58642268 0.32176465]","[0.05522125 0.85220288 0.26551416 0.20004012 0.34536572 0.89913546
 0.19921322 0.56040049 0.179462   0.0277137  0.42943683 0.47447688]","[0.27578094 0.2850585  0.85636214 0.00378909 0.41848083 0.78228765
 0.34345152 0.27643326 0.52827473 0.72415927 0.63208771 0.70155701]","[0.04810364 0.92276409 0.51065048 0.15201554 0.62203069 0.72561425
 0.1472356  0.08607939 0.06852301 0.09634717 0.31768897 0.62303312]","[0.34417719 0.15347624 0.77354046 0.49388248 0.21838469 0.97473002
 0.58347399 0.80187421 0.6373877  0.44767904 0.19604591 0.01186541]"
"[0.86702227 0.20919052 0.20591896 0.59586945 0.15110312 0.89664121
 0.73725028 0.99019657 0.31092987 0.02498912 0.18793959 0.92761091]","[0.24023467 0.17736191 0.64172858 0.34429578 0.48436391 0.82458723
 0.27784048 0.50821197 0.44851724 0.3552133  0.94175463 0.79827171]","[0.28069191 0.34876294 0.01344754 0.93117308 0.85466303 0.27405114
 0.43682948 0.64219689 0.58877301 0.83910422 0.70208838 0.38339839]","[0.50287409 0.05839096 0.4511129  0.61051532 0.34567533 0.88631722
 0.87647276 0.68251752 0.92409488 0.725431   0.45408845 0.52339555]","[0.06048821 0.96825375 0.07373253 0.06419043 0.17596296 0.24744576
 0.21356173 0.3601646  0.63946943 0.44427455 0.19063082 0.26167885]","[0.70673708 0.81597269 0.55088321 0.58465785 0.1123164  0.49602222
 0.62180538 0.68721747 0.22336998 0.50411666 0.21397286 0.10250472]","[0.13398798 0.0907743  0.69799531 0.64530885 0.77736383 0.48086274
 0.16314626 0.07346125 0.51060676 0.43128062 0.40700287 0.80385361]","[0.10460289 0.24515422 0.82688464 0.17480823 0.44836269 0.15670838
 0.28096458 0.72550823 0.07887133 0.651536   0.99281995 0.40071792]","[0.53016322 0.73984523 0.67471121 0.45892235 0.96727484 0.1046516
 0.0658889  0.68890136 0.22056502 0.90045531 0.37394569 0.34954735]","[0.33382223 0.04413554 0.93327515 0.24679188 0.69618089 0.24104718
 0.68889786 0.29153677 0.78167868 0.76377467 0.42750349 0.33309973]","[0.14212801 0.47976751 0.68582451 0.61584806 0.36939188 0.12955938
 0.02342073 0.29939011 0.36419182 0.22823653 0.95383828 0.13589636]","[5.47585686e-01 2.37335830e-01 2.23186001e-01 4.52472676e-01
 6.26622181e-01 6.65281196e-01 3.41523851e-02 4.54941792e-04
 5.55268874e-01 6.38429288e-03 1.29958903e-01 1.24543154e-01]"
"[0.7990099  0.92043177 0.36258735 0.81947983 0.45267858 0.30412271
 0.25826728 0.03724127 0.31053391 0.15675399 0.62024345 0.2609034 ]","[0.88711722 0.71228022 0.60809511 0.35031162 0.02528875 0.90038937
 0.27234729 0.97329614 0.54772016 0.61313162 0.98953019 0.87087221]","[0.97574314 0.41083789 0.69185183 0.20178022 0.36991659 0.43152108
 0.91417021 0.09944152 0.34811425 0.54343296 0.63564314 0.460196  ]","[0.13675871 0.99707384 0.58702095 0.17464065 0.25800189 0.45675403
 0.08983401 0.69874621 0.2116516  0.53938449 0.98949763 0.15142838]","[0.92628956 0.24290632 0.20591088 0.90454684 0.88688239 0.63456787
 0.31845639 0.01930565 0.73093072 0.42226821 0.13176586 0.91002282]","[0.83482365 0.67172488 0.28626648 0.72468517 0.63145795 0.5629278
 0.68908003 0.05235769 0.48594648 0.54759187 0.35847878 0.38575219]","[0.69284928 0.92430342 0.69781901 0.80415421 0.12772494 0.27572951
 0.9026581  0.15713928 0.79841923 0.54942691 0.60660129 0.50769725]","[0.84407644 0.29476412 0.93162262 0.90684799 0.38451035 0.20531807
 0.2384608  0.99855005 0.02018007 0.89251518 0.21010707 0.97955079]","[0.91282194 0.36720093 0.78981217 0.95011429 0.25318234 0.175009
 0.93936728 0.10568209 0.06580041 0.54887674 0.66284458 0.91287504]","[0.64133693 0.70201687 0.86721103 0.11500782 0.1334859  0.06343124
 0.9766536  0.13332621 0.92664123 0.10519183 0.75695937 0.1006399 ]","[0.57041931 0.04167848 0.89098268 0.88200322 0.56088428 0.95455791
 0.02399464 0.22258605 0.94711201 0.79804059 0.42911545 0.23494018]","[0.98293665 0.44223047 0.70740946 0.44804849 0.6883899  0.96007708
 0.5784366  0.70681576 0.05981976 0.8195     0.41058641 0.53045026]"
"[0.98587665 0.55239319 0.67392661 0.78663281 0.67950535 0.26829326
 0.3965621  0.14552529 0.08010333 0.41244325 0.82953552 0.80427038]","[0.71890771 0.88008764 0.26404802 0.2019251  0.62102757 0.38923474
 0.15408838 0.89873528 0.15665852 0.05424706 0.82058883 0.67579014]","[0.37752339 0.10349077 0.52923466 0.55859525 0.78172562 0.64259464
 0.49100741 0.02641993 0.22096027 0.51676121 0.18784203 0.70805928]","[0.47076344 0.47245097 0.3777431  0.03534114 0.79318013 0.48042105
 0.99116237 0.30755507 0.33271105 0.86401557 0.64362961 0.08927429]","[0.64501795 0.24185747 0.26921503 0.12369912 0.58518658 0.23228687
 0.38318842 0.75162434 0.94318286 0.12747666 0.34778058 0.55341267]","[0.1883694  0.58280371 0.52902644 0.32631875 0.75080259 0.65017102
 0.1046326  0.56863813 0.43611516 0.00484273 0.56230052 0.351505  ]","[0.44798585 0.4947034  0.99374044 0.20611855 0.51635771 0.80455941
 0.22988832 0.47283748 0.16835006 0.91267348 0.61213457 0.23047337]","[0.90573786 0.48762345 0.03701281 0.08084719 0.76156054 0.17906557
 0.50619092 0.90160394 0.46371774 0.17064254 0.27765725 0.52841844]","[0.76039841 0.29565746 0.65914962 0.29414622 0.91025694 0.33498713
 0.00838377 0.90156464 0.97952737 0.5649187  0.71132398 0.62733635]","[0.40161492 0.28700775 0.53738882 0.12364382 0.56430739 0.95731388
 0.38686134 0.92296001 0.75818066 0.9764281  0.20949497 0.37552604]","[0.82982096 0.25065736 0.18803387 0.76981569 0.27992021 0.55583213
 0.16025738 0.80936645 0.4661937  0.11233185 0.33038568 0.35154689]","[0.87531574 0.32813463 0.45100638 0.56847338 0.8472675  0.63271007
 0.00313453 0.87061913 0.66782143 0.65646421 0.82744651 0.86650202]"
"[0.06220807 0.75364255 0.18176504 0.98443673 0.68381334 0.27282576
 0.29325524 0.09502573 0.13643469 0.04820606 0.54868553 0.88286238]","[0.27615143 0.10314643 0.35230292 0.64328883 0.71831211 0.71159534
 0.33391885 0.61110358 0.9571131  0.42504833 0.30248516 0.89127737]","[0.77522327 0.77874293 0.06448498 0.62683553 0.47545706 0.42031228
 0.05999785 0.25384394 0.60329489 0.14332761 0.14854497 0.57612542]","[0.98896261 0.23384178 0.92749366 0.20427579 0.12996    0.29103382
 0.74041974 0.9895404  0.35553191 0.2908546  0.71435222 0.21285977]","[0.62027183 0.80979519 0.80884952 0.44105432 0.97539159 0.56285646
 0.49987672 0.43176458 0.74700797 0.00607639 0.22524573 0.27639857]","[0.48465667 0.89095036 0.7260611  0.81490461 0.04368287 0.44622145
 0.61171357 0.60191306 0.99264307 0.53496301 0.13301286 0.48115683]","[0.27297287 0.9683685  0.84982619 0.73538909 0.48356391 0.62289509
 0.52054424 0.26243505 0.31776337 0.2380445  0.90202884 0.12861959]","[0.42601303 0.76095388 0.29938022 0.30689875 0.10961958 0.87293212
 0.27436211 0.21600085 0.52873512 0.50673282 0.18762438 0.14686719]","[0.10975574 0.77589016 0.30622742 0.12447177 0.85596888 0.40299973
 0.37934548 0.64447347 0.34124099 0.09166739 0.53985869 0.35332126]","[0.92848431 0.52724469 0.35092642 0.4034546  0.73984287 0.9235023
 0.22469782 0.51125519 0.92802473 0.03319102 0.11091596 0.39104886]","[0.70044711 0.32749005 0.02493981 0.04393032 0.52579099 0.06612693
 0.74985935 0.13970775 0.51383515 0.44705099 0.77543059 0.62482746]","[0.77091754 0.52336775 0.39158588 0.47283986 0.6163867  0.82991414
 0.75813326 0.61463353 0.28818186 0.9294203  0.58083994 0.03478657]"
"[0.74140407 0.9304958  0.72756028 0.22769567 0.79031198 0.52019868
 0.09492826 0.77983875 0.07309804 0.03418247 0.59585592 0.77704153]","[0.88852163 0.23052235 0.93259512 0.80298212 0.25357266 0.45761794
 0.50329683 0.35678716 0.25740325 0.01833488 0.94104345 0.87466977]","[0.57941609 0.92557397 0.62056054 0.54546709 0.76072889 0.19728625
 0.77217973 0.72616186 0.67885675 0.76114634 0.36700447 0.17420889]","[0.93658885 0.35678609 0.20371574 0.06750091 0.45443522 0.72005363
 0.81796273 0.00405651 0.83552217 0.49115359 0.68939962 0.72565227]","[0.61637132 0.08037944 0.45946442 0.35983162 0.76486357 0.64452248
 0.77215949 0.21884226 0.63242092 0.74337622 0.90324736 0.44574101]","[0.41379865 0.20975698 0.66916387 0.78241698 0.41553036 0.659912
 0.50981367 0.18701014 0.37462762 0.071431   0.54979525 0.75231801]","[0.81151396 0.20929562 0.73498533 0.5199411  0.846867   0.81634182
 0.16291618 0.71355377 0.2703722  0.8558202  0.5435074  0.2980315 ]","[0.57523125 0.096588   0.22619733 0.68927738 0.91292044 0.26101928
 0.36882514 0.05909683 0.15723896 0.9839123  0.40902693 0.94263395]","[0.22780629 0.46907152 0.5559334  0.1807613  0.32459652 0.18061463
 0.73820782 0.56917259 0.96097813 0.36512222 0.78989928 0.60196886]","[0.10708167 0.50121878 0.06971598 0.08178629 0.81820494 0.20620222
 0.78361619 0.14353681 0.83543555 0.82069854 0.94947971 0.39524461]","[0.81599094 0.67838424 0.11727987 0.25067271 0.20377028 0.24110698
 0.8840219  0.2612022  0.49905346 0.60833803 0.0629379  0.15324853]","[0.80598692 0.34181764 0.48789115 0.09677925 0.36177339 0.22686326
 0.27601457 0.28802393 0.17453366 0.80019515 0.22726848 0.04387721]"
"[0.47249885 0.76353161 0.90965913 0.80850482 0.92488355 0.88641132
 0.64398292 0.39876569 0.05297403 0.95126252 0.40471993 0.09040548]","[0.30217053 0.68340875 0.03161217 0.36109749 0.87828194 0.21219206
 0.88439197 0.73354089 0.80253175 0.32369249 0.41050918 0.57480974]","[0.12129877 0.41823134 0.1688215  0.31654863 0.23305381 0.58349303
 0.2612794  0.25025392 0.50986154 0.12373119 0.69243901 0.81611455]","[0.35764071 0.7844909  0.53820539 0.65350343 0.97091516 0.4671948
 0.00431041 0.94069999 0.56909508 0.15821009 0.19555356 0.92617594]","[0.07383575 0.80799518 0.44003779 0.00155321 0.50581772 0.17530718
 0.29815709 0.79909916 0.37274744 0.11822121 0.61244207 0.45463919]","[0.19834156 0.05313324 0.17067133 0.72625346 0.39584424 0.32440204
 0.81013303 0.15156673 0.48978263 0.5805204  0.74832824 0.42467321]","[0.29273901 0.28844421 0.22449042 0.66719337 0.73950717 0.25115832
 0.38336615 0.1278546  0.13167362 0.57637957 0.12752648 0.83747629]","[0.03929994 0.22764683 0.20667287 0.99169151 0.96372031 0.80336002
 0.36927358 0.52007041 0.5067979  0.12959446 0.7811805  0.78840147]","[0.82927163 0.85564341 0.77913159 0.66755992 0.12623932 0.98556151
 0.12804347 0.15731754 0.54470212 0.58397192 0.31411219 0.19332389]","[0.12965941 0.36278979 0.73766871 0.39651502 0.99644355 0.16847307
 0.89879832 0.66638894 0.80476563 0.02948402 0.71476661 0.26474534]","[0.28026713 0.1429544  0.26855845 0.3434096  0.16093583 0.88213222
 0.05622291 0.48569447 0.25897106 0.99575295 0.25976476 0.12326022]","[0.24482486 0.5846585  0.44274775 0.16995174 0.51732319 0.55615804
 0.5251364  0.94111461 0.33370424 0.43440244 0.23659355 0.27053506]"
"[0.62829152 0.09681205 0.63496418 0.00829097 0.21653001 0.05376465
 0.14516839 0.63569464 0.66205176 0.11087205 0.70411589 0.36001067]","[0.46069207 0.68365173 0.53730857 0.6266834  0.41623596 0.92014884
 0.66417468 0.66300803 0.25940082 0.94068605 0.96265076 0.3239192 ]","[0.1673921  0.12382177 0.92625985 0.21107977 0.81656983 0.15310554
 0.23225685 0.9556861  0.75712468 0.85861553 0.93744524 0.8745702 ]","[0.49177334 0.55682807 0.57137976 0.49540492 0.89931126 0.45138226
 0.56370813 0.930979   0.02063068 0.39452186 0.27415803 0.07285634]","[0.32770219 0.13183846 0.28905574 0.06495091 0.5766891  0.70882107
 0.50169259 0.17200594 0.60289345 0.92094826 0.21097484 0.35081689]","[0.47056081 0.90636858 0.47128307 0.47591595 0.38962292 0.86640571
 0.81891959 0.39613483 0.09656882 0.80476082 0.40200622 0.67824118]","[0.01527203 0.87181786 0.90629783 0.79677215 0.40611967 0.35616053
 0.9779326  0.97976924 0.65244803 0.17020935 0.29510539 0.00487928]","[0.31711742 0.07992117 0.67035884 0.53018624 0.03007603 0.74097332
 0.71127001 0.95017837 0.68339088 0.74412772 0.22831564 0.41179086]","[0.99234289 0.65592715 0.82006429 0.14742085 0.56561373 0.78145599
 0.26734434 0.0199177  0.71404517 0.65204412 0.1745925  0.72973895]","[0.91532798 0.33657055 0.54861953 0.96825261 0.09761185 0.16042527
 0.39140137 0.04559657 0.05424188 0.93913723 0.09037876 0.20568562]","[0.32420727 0.53452297 0.3673696  0.65357037 0.20197949 0.1869662
 0.53458564 0.20659216 0.59191421 0.22689689 0.08768753 0.56667823]","[0.08874599 0.78991707 0.80793352 0.43523037 0.04189277 0.6809213
 0.63217828 0.14314204 0.8766645  0.89438193 0.64609555 0.60693321]"
"[0.44193917 0.68187214 0.24081973 0.63199384 0.4218063  0.4904101
 0.10028665 0.92763616 0.24031317 0.07029007 0.15129686 0.91994645]","[0.76867359 0.84337423 0.31337431 0.64270514 0.38371016 0.7988915
 0.6595483  0.04989799 0.15215969 0.92872232 0.75319386 0.74465404]","[0.61539402 0.60752267 0.69356581 0.0987779  0.88568662 0.91207761
 0.50010157 0.93151632 0.98570351 0.03282676 0.06810198 0.16563754]","[0.49328175 0.0769008  0.46607301 0.13861559 0.03852712 0.04524532
 0.39724004 0.92392791 0.75846349 0.3183599  0.16414158 0.45165847]","[0.13577465 0.18230009 0.28668657 0.71726434 0.29893372 0.26070216
 0.48569396 0.16147106 0.66493843 0.88855771 0.6287027  0.46382747]","[0.94082608 0.0708353  0.1569336  0.58431601 0.47020345 0.77721518
 0.94936113 0.2340914  0.22688192 0.18139377 0.68813297 0.4031732 ]","[0.36558828 0.23343563 0.14902459 0.74562718 0.88739383 0.10484231
 0.59752393 0.15964621 0.00616282 0.97709059 0.22795307 0.431583  ]","[0.14900921 0.44956535 0.97193068 0.37938325 0.15739508 0.53673025
 0.65041101 0.54339968 0.9068738  0.2571583  0.41188891 0.95285854]","[0.19038444 0.3570792  0.55291364 0.57423087 0.28339689 0.01585936
 0.09817924 0.22271279 0.28824179 0.02836769 0.86172799 0.37459441]","[0.72520411 0.24531392 0.17470004 0.11264699 0.47011201 0.83908536
 0.48970125 0.74791507 0.85180649 0.1022165  0.05306823 0.76165572]","[0.25459861 0.5733626  0.68509609 0.7593531  0.98023568 0.13477745
 0.57189977 0.13389586 0.3920935  0.78532169 0.56116655 0.68471439]","[0.67507029 0.80271099 0.70754292 0.32296502 0.73543717 0.12156918
 0.67460784 0.386449   0.11785785 0.09065886 0.23042283 0.00396865]"
"[0.19662141 0.95044738 0.2726663  0.35518973 0.54090708 0.8183297
 0.17157368 0.42809408 0.29259257 0.57777055 0.9277713  0.974288  ]","[0.67251733 0.6448171  0.7601956  0.53595089 0.04090033 0.59117031
 0.96601908 0.70778759 0.08252337 0.55150286 0.83412656 0.67012161]","[0.13423527 0.30413112 0.18123584 0.1193522  0.54927148 0.45566632
 0.68596353 0.34140663 0.62220176 0.39321607 0.3028001  0.76641611]","[0.18651105 0.97119929 0.86891412 0.98925266 0.7896496  0.11287132
 0.85066662 0.03495851 0.75237031 0.45716767 0.82283519 0.11624826]","[0.09302556 0.89631332 0.21847255 0.81852069 0.31190594 0.92447437
 0.53177543 0.11965072 0.01079528 0.94203944 0.02734426 0.2225148 ]","[0.80811819 0.72457778 0.33718661 0.04012234 0.05472273 0.43915389
 0.69057496 0.40382016 0.20127885 0.01489153 0.75269366 0.06059188]","[0.9937836  0.05935675 0.08376898 0.79730323 0.26738693 0.2480764
 0.88564117 0.92439183 0.91867053 0.57229767 0.73932417 0.01990855]","[0.04025722 0.63441617 0.28652264 0.35413067 0.67223949 0.96089634
 0.05458254 0.96707394 0.29093297 0.51724011 0.56648683 0.05410037]","[0.29526292 0.69994632 0.72196441 0.54884197 0.15157458 0.91791087
 0.27103574 0.66089266 0.91150297 0.84404756 0.65190013 0.62200581]","[0.24895993 0.57641702 0.44370457 0.56192043 0.29395577 0.60788155
 0.01490806 0.30418507 0.99076799 0.33892705 0.24660137 0.06873255]","[0.35602593 0.22692712 0.12115345 0.43737676 0.75750333 0.66932771
 0.69110214 0.33800894 0.4464531  0.95751202 0.11929479 0.16441709]","[0.69671531 0.32864167 0.1204769  0.17996173 0.71221966 0.31599026
 0.59561808 0.99482438 0.28461126 0.91138468 0.79273733 0.11565217]"
"[0.68359646 0.64235387 0.26722092 0.19154223 0.06361791 0.42397642
 0.13374287 0.2010661  0.5920535  0.78991373 0.22035428 0.56362353]","[0.12768976 0.91581573 0.22331981 0.49361765 0.62123464 0.76470582
 0.40640085 0.55282245 0.71370479 0.04835349 0.92640508 0.87905402]","[0.98144078 0.63235346 0.95496736 0.9654713  0.59807113 0.64438041
 0.17186102 0.1209662  0.82940041 0.78508184 0.2586742  0.4737781 ]","[0.72338001 0.20965743 0.52360736 0.46945117 0.44812996 0.56423332
 0.44315493 0.29580117 0.9710999  0.37986034 0.03537855 0.61647585]","[0.32859431 0.79166438 0.70478826 0.24368744 0.79250211 0.67306339
 0.0877765  0.6172303  0.98516104 0.78340037 0.81764194 0.57471054]","[0.07901961 0.27082756 0.09337853 0.51785931 0.22276044 0.04115038
 0.99219292 0.18335364 0.90987717 0.36273824 0.36535501 0.79384111]","[0.97912072 0.95150325 0.93697599 0.58067719 0.40097433 0.72732173
 0.85391407 0.90920669 0.75680417 0.01547293 0.73669571 0.70104941]","[0.58523738 0.91647536 0.61704647 0.87162107 0.61647135 0.1066341
 0.57597489 0.71264973 0.6226209  0.88350766 0.27737713 0.57790188]","[8.98763317e-01 9.98654189e-02 5.30997181e-01 5.55662008e-01
 1.30563781e-01 3.46605541e-01 5.19472132e-01 2.82667141e-01
 2.34918460e-01 7.18467835e-01 6.97804981e-01 7.07257611e-04]","[0.04478112 0.48808498 0.92910182 0.29593099 0.10040707 0.18762991
 0.2751683  0.45811664 0.2129473  0.00245391 0.11158675 0.472047  ]","[0.77876468 0.49676914 0.21232759 0.13529389 0.51657081 0.38055673
 0.80002887 0.2165435  0.68850211 0.9346729  0.50425658 0.31972826]","[0.83067026 0.04748444 0.84106524 0.50331706 0.41131036 0.29452078
 0.96664534 0.61566823 0.61296428 0.31749101 0.73967591 0.46181331]"
"[0.47360632 0.84912689 0.99941635 0.69553576 0.78005886 0.53971109
 0.330558   0.41012121 0.90859698 0.82311142 0.81594366 0.9611512 ]","[0.08164525 0.41918223 0.065725   0.99163597 0.28890822 0.41062334
 0.05052704 0.32556235 0.47115261 0.75244699 0.27418411 0.1276911 ]","[0.43603611 0.37095738 0.45976554 0.44515244 0.48169871 0.0488265
 0.62290771 0.47730063 0.32986447 0.69501036 0.63820288 0.48409161]","[0.54531085 0.21869379 0.12398224 0.46251867 0.60719301 0.01426502
 0.42306113 0.54437621 0.06772845 0.64447391 0.03754601 0.3663376 ]","[0.79074767 0.58159477 0.58367938 0.43917157 0.07864284 0.85535413
 0.31860548 0.32050264 0.28464771 0.4817594  0.9357202  0.25151698]","[0.95982682 0.79120784 0.97560657 0.20729914 0.64688806 0.66081639
 0.422904   0.24749419 0.17514968 0.71166807 0.31899491 0.85865735]","[0.00208096 0.93032763 0.90979865 0.55178047 0.23250621 0.88062998
 0.95278049 0.71494067 0.08364727 0.34380261 0.30692741 0.91674946]","[0.88900181 0.96156093 0.9082179  0.86391423 0.99265506 0.75282422
 0.16390845 0.87361688 0.30870643 0.42101576 0.83558071 0.26603366]","[0.76848003 0.4230198  0.45752739 0.7038922  0.06073672 0.14057535
 0.54491153 0.79200058 0.3761734  0.50845886 0.34891187 0.24238417]","[0.64196922 0.63921227 0.70581091 0.26052171 0.17204015 0.92323786
 0.48589989 0.67258043 0.4621436  0.47794437 0.51953794 0.26407155]","[0.96257752 0.30569978 0.4018424  0.51475609 0.68432024 0.65579773
 0.09979841 0.4294282  0.70466274 0.9366448  0.7206642  0.38265868]","[0.57760542 0.37016803 0.71897014 0.8982694  0.41936949 0.52841304
 0.62397667 0.87826872 0.27156949 0.24946865 0.73309627 0.62501708]"
"[0.91309089 0.58140045 0.02609203 0.24768276 0.96558454 0.25003683
 0.00608644 0.92137467 0.22112059 0.17610912 0.18603384 0.10402304]","[0.84145191 0.66242707 0.74216336 0.80968982 0.92774329 0.95568992
 0.23522653 0.47554438 0.03429637 0.64886726 0.44093846 0.0271658 ]","[0.46983828 0.45974679 0.07301753 0.41285838 0.95983959 0.207563
 0.39791278 0.51971083 0.46145782 0.15197884 0.57878754 0.37420691]","[0.92053427 0.21809365 0.25307295 0.88986386 0.67855057 0.95977985
 0.13967795 0.58131393 0.92216623 0.7550007  0.02232673 0.18480219]","[0.50051603 0.20319337 0.30660124 0.49196362 0.74256702 0.59304086
 0.61903403 0.7263351  0.55132516 0.37277594 0.19107456 0.73911943]","[0.04744635 0.87514283 0.76341395 0.37945893 0.52280703 0.7544903
 0.58734348 0.16199581 0.22330491 0.19944325 0.1430687  0.53198191]","[0.53658661 0.56589579 0.50276343 0.44739111 0.60829512 0.65456312
 0.03268808 0.92935086 0.71844836 0.79755389 0.16727065 0.21968418]","[0.22945483 0.15106245 0.24446534 0.58417389 0.26470306 0.96537512
 0.50932905 0.27672517 0.50151578 0.74495033 0.51145301 0.26342459]","[0.69452223 0.88464847 0.01156467 0.65743988 0.86598736 0.755218
 0.13096766 0.62859354 0.61317561 0.56025239 0.68327885 0.529256  ]","[0.59512734 0.36082389 0.37034805 0.23377736 0.85988672 0.86221405
 0.52241739 0.94840212 0.42403947 0.2139985  0.51932498 0.09670465]","[0.92774287 0.19609043 0.3867487  0.79614605 0.39911405 0.0740321
 0.34289685 0.00427898 0.37463951 0.59500733 0.72799297 0.90437175]","[0.85612454 0.73436718 0.7644709  0.02364051 0.76721036 0.91575174
 0.63340568 0.89281155 0.30743538 0.24292873 0.1432442  0.9880987 ]"
"[0.65272773 0.47581464 0.12655219 0.50991171 0.53314003 0.06709538
 0.86743819 0.46934901 0.5719915  0.72225787 0.66403589 0.85244536]"
