[0.67356662 0.13083704 0.25850797 0.70390391 0.96756754 0.69459165],[0.25446524 0.49253865 0.44252336 0.01912701 0.13376961 0.06789449],[0.92928535 0.51098043 0.12503815 0.05304065 0.02522602 0.3098416 ],[0.67497239 0.96459854 0.67178418 0.99867274 0.49025816 0.82370407],[0.64374071 0.39714032 0.93130912 0.28852694 0.41805516 0.02407274],[0.22867173 0.20701772 0.90872685 0.55372936 0.47449506 0.50430305]
[0.91598    0.77044411 0.25888291 0.80626823 0.66733162 0.87636821],[0.22526079 0.21822885 0.86104756 0.44777074 0.77735766 0.03900987],[0.15913468 0.45474235 0.57885864 0.36368822 0.11532403 0.39102595],[0.45369458 0.23066063 0.79852581 0.4573503  0.37149788 0.9778806 ],[0.62916519 0.66966761 0.4663928  0.78014519 0.26158779 0.17581444],[0.81287576 0.38741343 0.48523714 0.01452949 0.61106226 0.34302961]
[0.45565699 0.08413097 0.00521783 0.14118452 0.86994519 0.33395631],[0.2762087  0.09740947 0.12626952 0.4801254  0.78092562 0.79190588],[0.48649714 0.32466059 0.77533357 0.20491302 0.25855779 0.86483071],[0.0384124  0.42643656 0.6449885  0.64387331 0.95139461 0.47501652],[0.26020681 0.84471146 0.42825422 0.28373642 0.75477346 0.93765601],[0.5814156  0.59925516 0.92741548 0.74700351 0.94358945 0.89435429]
[0.8765086  0.03964219 0.91745682 0.72714594 0.39257624 0.36676756],[0.67396674 0.79033663 0.67681143 0.16261218 0.3844504  0.82550551],[0.52413076 0.12813678 0.94127426 0.04915096 0.97138655 0.32625145],[0.29244465 0.45531797 0.64610334 0.97387522 0.19164525 0.45707734],[0.43391959 0.94857236 0.58189492 0.73942716 0.2767181  0.9268415 ],[0.62850364 0.58103266 0.30608283 0.54874241 0.06423166 0.28220296]
[0.56315456 0.14102924 0.94709458 0.01711459 0.40191065 0.21827484],[0.24009416 0.57642908 0.30360026 0.09339846 0.83268326 0.15851735],[0.40647109 0.19712241 0.33314843 0.14091028 0.48039139 0.17887645],[0.18294328 0.84707104 0.74795508 0.17346229 0.97336302 0.49928003],[0.43981526 0.55678932 0.08100269 0.85860322 0.44020915 0.77710814],[0.80094672 0.6875494  0.81145003 0.90823364 0.0817042  0.37634313]
[0.64117111 0.04414362 0.45989097 0.96484201 0.51561372 0.30037979],[0.41750729 0.40440966 0.04117042 0.70213197 0.04278638 0.79260083],[0.75041525 0.95967734 0.54029892 0.68143152 0.38629777 0.70208827],[0.28439699 0.49384237 0.97876795 0.73301476 0.5423524  0.69080278],[0.60982416 0.60887001 0.89219984 0.64800293 0.54600106 0.2987167 ],[0.63804347 0.09732511 0.06548867 0.18296044 0.6562738  0.00344693]
[0.71935719 0.3748402  0.38453245 0.54353483 0.59193277 0.09091928],[0.38932288 0.29824428 0.04438671 0.06918725 0.42379062 0.35657236],[0.66467967 0.69287964 0.2137983  0.69434878 0.77914664 0.5941269 ],[0.12623217 0.16790892 0.77082236 0.69547816 0.11865377 0.3143669 ],[0.49370726 0.71236853 0.0294911  0.94655453 0.37637891 0.00829871],[0.83137345 0.45327398 0.9073134  0.48222023 0.78517066 0.77426568]
[0.89078398 0.17144359 0.45475847 0.99244802 0.92438932 0.93841692],[0.30332513 0.80056398 0.88675236 0.70250396 0.46402772 0.4893239 ],[0.11592633 0.70864759 0.4015896  0.90118634 0.57411781 0.37583028],[0.35568817 0.39473054 0.79567929 0.1473981  0.06417451 0.92537383],[0.62334946 0.74218791 0.93551156 0.61872008 0.24129106 0.27642052],[0.36188291 0.19703161 0.64641389 0.95202084 0.8740061  0.54874814]
[0.98854116 0.77328142 0.53388123 0.40898863 0.27398012 0.08735858],[0.59217584 0.68969005 0.53443858 0.14420249 0.11026305 0.96781051],[0.32379711 0.85792575 0.58000192 0.40342614 0.680311   0.10575788],[0.97216915 0.99833842 0.09814284 0.99610017 0.94171374 0.47070221],[0.84342969 0.33023717 0.20750515 0.20274915 0.03139101 0.46849375],[0.25401879 0.03684317 0.05124115 0.39130255 0.38053814 0.39171134]
[0.49172747 0.82679958 0.45277408 0.36494952 0.815773   0.91671076],[0.42950983 0.83706204 0.78018425 0.24838842 0.99404112 0.22083254],[0.13743767 0.40437262 0.85836638 0.09367318 0.97864035 0.87378596],[0.93688939 0.28564564 0.85269549 0.23823566 0.28454945 0.57188006],[0.21477233 0.82944587 0.70254005 0.71999758 0.49549039 0.32845944],[0.80610131 0.67276857 0.20227135 0.20120129 0.6367807  0.46839525]
[0.44154932 0.68383073 0.45466807 0.45562207 0.47991125 0.13908598],[0.66433974 0.25765618 0.17170579 0.73489888 0.12107802 0.09163385],[0.40868032 0.43075246 0.15483987 0.85905394 0.63890766 0.81294027],[0.17241103 0.16586448 0.17430749 0.38655346 0.00153554 0.30697737],[0.4157306  0.8898839  0.43453946 0.2768102  0.85845599 0.27021941],[0.94837349 0.01760777 0.72376982 0.49033799 0.89505576 0.55945985]
[0.73776434 0.7225349  0.81202506 0.76393588 0.08851302 0.15101277],[0.38279147 0.93355089 0.61923692 0.69478131 0.05777392 0.30838584],[0.6562354  0.16482137 0.61029693 0.00123279 0.21155123 0.36099292],[0.73772911 0.77126781 0.39413031 0.52293731 0.76078647 0.12240288],[0.05110502 0.55313589 0.90457445 0.02216551 0.87976041 0.28622228],[0.77345048 0.07356832 0.3713723  0.18863938 0.95877247 0.26218786]
[0.12131943 0.68042836 0.36012359 0.74674631 0.32321905 0.24110781],[0.47484496 0.36610762 0.02893698 0.9029255  0.46489016 0.90570548],[0.3130783  0.15032369 0.11662752 0.33605585 0.1357899  0.27389106],[0.20019327 0.26369063 0.00632053 0.09417645 0.46861641 0.22256442],[0.88271901 0.93584118 0.11903278 0.29959225 0.30734064 0.45980101],[0.58138094 0.29440647 0.71050758 0.81675389 0.78956291 0.36250436]
[0.68036424 0.83741099 0.24769854 0.89382062 0.00881033 0.66836254],[0.46342576 0.80570183 0.17271798 0.87420976 0.22648743 0.17251207],[0.12175883 0.64581797 0.22143451 0.03972114 0.71861964 0.89435086],[0.26586477 0.0419818  0.36574371 0.02859249 0.12948364 0.53769841],[0.08189178 0.22645337 0.38085243 0.4551842  0.49953017 0.92311875],[0.2324123  0.0879024  0.95390733 0.62217691 0.44054996 0.300433  ]
[0.43522023 0.72735063 0.10804982 0.98062629 0.70310606 0.65722261],[0.06868515 0.02457758 0.90665725 0.53746144 0.27160113 0.17206946],[0.84051555 0.66451305 0.62798955 0.83176432 0.37744505 0.05109068],[0.50782114 0.84743648 0.06869562 0.40078536 0.17295777 0.18212552],[0.57659727 0.95186036 0.52797472 0.9541233  0.22207455 0.17836016],[0.33665512 0.0959465  0.07683304 0.70853838 0.65094293 0.32941616]
[0.1204178  0.83849924 0.15436646 0.44570081 0.91877092 0.96183679],[0.48962685 0.95504366 0.93651976 0.39987851 0.99208345 0.9836499 ],[0.2885622  0.87038973 0.52118594 0.69501516 0.87746329 0.21601348],[0.78129997 0.72505673 0.040399   0.51028656 0.00230752 0.92728746],[0.6337103  0.52331959 0.97016978 0.67809973 0.08245958 0.13681225],[0.10167401 0.79757025 0.02778936 0.84584309 0.46237454 0.16609624]
[0.17089657 0.53964623 0.90235099 0.13607189 0.53943173 0.87576326],[0.06395859 0.49646699 0.64311555 0.2506174  0.9488562  0.69414587],[0.6465247  0.94457462 0.2171073  0.87334174 0.77199996 0.75507173],[0.88502417 0.25153917 0.67244817 0.88597647 0.77227401 0.61413296],[0.27869384 0.72645679 0.17607678 0.46084404 0.61130791 0.70237708],[0.25590033 0.91998703 0.12929246 0.96823858 0.26562025 0.80133601]
[0.38605052 0.97300612 0.4968122  0.63326349 0.76358641 0.61105177],[0.36040762 0.4348532  0.0699452  0.94078268 0.03372024 0.71189713],[0.87367525 0.38507596 0.48324567 0.78677052 0.14788417 0.51887996],[0.72871219 0.9299432  0.19274063 0.62799611 0.62597764 0.65815305],[0.72794256 0.4956992  0.15630761 0.129428   0.11498961 0.91332232],[0.82579335 0.09929206 0.46831949 0.34680786 0.19736546 0.75674965]
[0.78769898 0.16158723 0.55903109 0.10345336 0.7772104  0.98640083],[0.38981307 0.88757135 0.41544311 0.93544251 0.45703083 0.54979496],[0.04770317 0.92911846 0.58727885 0.90537743 0.78586821 0.39648565],[0.53928722 0.18107265 0.21983868 0.88144438 0.97177859 0.63228234],[0.50638727 0.31790955 0.86897036 0.53954679 0.25097971 0.15088771],[0.75232934 0.93184054 0.46086132 0.60808215 0.10219864 0.24889923]
[0.87126298 0.06481962 0.27351338 0.37409902 0.10002901 0.34128519],[0.27732647 0.5512867  0.04006442 0.93284428 0.61205707 0.61748044],[0.67456813 0.32405109 0.63532037 0.6935043  0.80835082 0.03997623],[0.34680472 0.34927574 0.73373389 0.47988046 0.00663056 0.61499736],[0.36444478 0.32656345 0.25894924 0.87672872 0.34487121 0.28896613],[0.18520631 0.47348125 0.09347863 0.86640172 0.97144233 0.29837227]
[0.60293839 0.22400722 0.0383684  0.78528025 0.25318433 0.33222578],[0.1514778  0.44438134 0.93162615 0.97463678 0.06739383 0.0604662 ],[0.76380972 0.97632365 0.84903896 0.10631949 0.85434683 0.09692766],[0.59947464 0.20295223 0.75585475 0.28278241 0.12595994 0.00850113],[0.31377478 0.52235282 0.44502233 0.2302179  0.46154974 0.63640151],[0.58768026 0.80550197 0.95515521 0.67659993 0.1740197  0.25010014]
[0.88611092 0.37108126 0.53518223 0.56710655 0.95753779 0.86477706],[0.43033783 0.93771175 0.79686148 0.02211184 0.86927321 0.58839615],[0.82120423 0.34115569 0.93670529 0.36821023 0.71054264 0.49327535],[0.05826167 0.62246646 0.82362197 0.8564078  0.4597504  0.77925189],[0.29250006 0.76431122 0.52075905 0.38750818 0.69912635 0.67229181],[0.77500135 0.85166248 0.68992889 0.88687897 0.07194404 0.87154331]
[0.65694262 0.91292562 0.44981869 0.09344425 0.69103502 0.09129303],[0.21501904 0.48015474 0.71849032 0.24337778 0.39085414 0.01112436],[0.29942074 0.25876007 0.51723909 0.91587822 0.39934301 0.82911714],[0.79651294 0.66297508 0.60912246 0.97403969 0.28663331 0.11991559],[0.41323927 0.53906608 0.14156677 0.97530892 0.73151682 0.80922696],[0.32903765 0.57578882 0.82508836 0.20794608 0.57305184 0.79407217]
[0.12844132 0.23651134 0.5821787  0.10105735 0.76530137 0.05666115],[0.68457092 0.58055201 0.17376123 0.15944817 0.14000015 0.417814  ],[0.70380187 0.17277815 0.48877225 0.0085677  0.32516494 0.57823105],[0.88011671 0.79175081 0.90785562 0.41976228 0.52828505 0.39018262],[0.26283912 0.48982971 0.23856837 0.57753513 0.22818843 0.4115317 ],[0.71426449 0.89792599 0.12161815 0.55607788 0.77591561 0.80485938]
[0.25786002 0.4849572  0.3870878  0.4595172  0.52476998 0.48814678],[0.70619449 0.47336487 0.85284798 0.96777755 0.98655126 0.83560862],[0.21977191 0.99828979 0.90873021 0.27407952 0.21208402 0.53979946],[0.63947813 0.98602728 0.98509544 0.21652243 0.73449835 0.75055626],[0.4371178  0.77940792 0.96470681 0.21223617 0.90215562 0.49580852],[0.37983734 0.55579171 0.50962004 0.65029229 0.51926432 0.54680493]
[0.33092902 0.62465262 0.22262611 0.76171521 0.12910638 0.94517022],[0.96745124 0.03545925 0.71923689 0.86477991 0.052227   0.01570466],[0.08338438 0.27591664 0.74979483 0.01039436 0.01162716 0.228686  ],[0.46402328 0.02035238 0.56909066 0.11184184 0.85751237 0.15867697],[0.73204768 0.53560411 0.89871618 0.76837074 0.64076208 0.6535343 ],[0.02807494 0.19982483 0.7512748  0.46341057 0.83486217 0.21871959]
[0.02419629 0.45406209 0.64952485 0.8870331  0.14879482 0.75571848],[0.48430508 0.12290562 0.10444088 0.43981842 0.79290039 0.74480615],[0.87905709 0.29995869 0.16908324 0.69677159 0.86633138 0.2605012 ],[0.28755314 0.08709918 0.86030581 0.81813833 0.22872787 0.80084385],[0.41558957 0.24941683 0.65053979 0.41506992 0.61366551 0.34069822],[0.96181174 0.5712657  0.09506807 0.81162393 0.15243607 0.23861041]
[0.30226134 0.88281126 0.46959926 0.99873726 0.97558383 0.50224839],[0.13257073 0.78814843 0.00807023 0.76180575 0.78183172 0.23046131],[0.10455341 0.71842561 0.48013142 0.6685473  0.92945938 0.87148963],[0.51660183 0.42258611 0.58300704 0.54316108 0.58612417 0.48627098],[0.25790068 0.61082109 0.27536755 0.23486614 0.90429075 0.12798307],[0.09112274 0.73173101 0.98449452 0.40643351 0.987832   0.4306239 ]
[0.94512051 0.31103395 0.00974553 0.6522334  0.77803209 0.33966692],[0.14794707 0.44497138 0.90636012 0.36685107 0.73081671 0.31948608],[0.23883599 0.55169386 0.82179021 0.28647995 0.89466452 0.79644672],[0.80516853 0.37183886 0.4630357  0.16252965 0.9141689  0.53742808],[0.93188519 0.50293822 0.59797735 0.12746839 0.49840836 0.29973353],[0.63091745 0.21009441 0.82102435 0.29070229 0.51276575 0.7660858 ]
[0.66425961 0.12055488 0.83186164 0.790891   0.05525841 0.04600048],[0.23959119 0.7911143  0.76195075 0.72010467 0.25518182 0.83321941],[0.12506755 0.02114927 0.49436373 0.7967686  0.37659847 0.74652873],[0.42826434 0.9848013  0.71473591 0.81258593 0.27830689 0.18595259],[0.95895709 0.98159511 0.39968211 0.68104064 0.60377129 0.66420659],[0.18638412 0.82404909 0.78903313 0.79233167 0.92403096 0.92823026]
[0.32923441 0.94344352 0.50338166 0.30881848 0.58193066 0.47908236],[0.00913045 0.50068772 0.2154503  0.28097864 0.6744233  0.91309614],[0.77616825 0.37999326 0.26853027 0.04601209 0.99560898 0.87214643],[0.09678983 0.20396852 0.50493784 0.13096883 0.24226204 0.82449193],[0.56705024 0.06745542 0.28355567 0.31769872 0.39143618 0.00520094],[0.49132146 0.12676682 0.18044885 0.28659465 0.23858951 0.44132246]
[0.20211161 0.89670166 0.63935493 0.02259835 0.5302777  0.51081312],[0.08296765 0.7623171  0.97813234 0.94673861 0.75170065 0.42752806],[0.63382082 0.03362413 0.01569643 0.41604132 0.83261115 0.98912331],[0.10966411 0.59639899 0.49954264 0.14213705 0.34927501 0.80776372],[0.99171699 0.89347437 0.07284585 0.12438456 0.12315286 0.09399564],[0.45456674 0.80358391 0.96590242 0.12568233 0.9613933  0.38952121]
[0.10321016 0.6521463  0.03493242 0.78766643 0.37984418 0.21205727],[0.1442429  0.79413665 0.15523895 0.56904329 0.82505922 0.09679981],[0.06065122 0.7601987  0.59940134 0.13588344 0.33547997 0.11393215],[0.31219892 0.73062833 0.75154976 0.62065599 0.24639028 0.71691771],[0.99961596 0.23975111 0.07912883 0.62137873 0.98522173 0.87201194],[0.36832749 0.99691219 0.33089261 0.04020155 0.47156288 0.20922282]
[0.29725045 0.79111582 0.95852811 0.44192923 0.39460693 0.70343452],[0.37787529 0.64899215 0.6750113  0.59732001 0.41866777 0.12614471],[0.73406587 0.46364866 0.5728998  0.01078277 0.70557878 0.83446048],[0.58420317 0.70629147 0.15906324 0.79045605 0.75518937 0.17021824],[0.11295552 0.96997515 0.74035225 0.40857049 0.46401342 0.95604561],[0.19946967 0.7274146  0.05712706 0.32137675 0.30307303 0.17604247]
[0.00530143 0.01660482 0.49257837 0.63550104 0.53487971 0.03577352],[0.7979312  0.31643641 0.95854026 0.81672871 0.38787525 0.20085195],[0.6292062  0.34859671 0.43698169 0.79182606 0.30330702 0.36742275],[0.44957104 0.65038741 0.64175444 0.13188243 0.31716413 0.48945392],[0.97139062 0.18166409 0.69782481 0.98406327 0.69280952 0.3122498 ],[0.67393655 0.10656846 0.26068277 0.66694637 0.98008435 0.62645429]
[0.58676336 0.45589949 0.54164015 0.28354407 0.67438425 0.26830176],[0.60731657 0.0421294  0.12929844 0.53921727 0.09637896 0.60852561],[0.53822229 0.08780898 0.93192283 0.45338698 0.63448238 0.85750352],[0.32572469 0.54991781 0.74767825 0.92993277 0.72103892 0.29233409],[0.95649476 0.86038631 0.04495372 0.81907823 0.96190362 0.17885601],[0.74906204 0.24101272 0.1926857  0.56145721 0.17822338 0.52613511]
[0.03051869 0.84592538 0.49055342 0.31648528 0.61503695 0.24700034],[0.27296191 0.6149     0.21703855 0.24764357 0.97453819 0.45757114],[0.83070926 0.79704987 0.4068043  0.54494486 0.34018674 0.89771016],[0.40712348 0.81982536 0.68215127 0.38504134 0.90226944 0.13147492],[0.05307673 0.00155518 0.77497235 0.70887313 0.62585191 0.67149408],[0.86581659 0.58042437 0.67937926 0.71886399 0.67632505 0.32333853]
[0.53367642 0.17556533 0.32277219 0.5352573  0.78373    0.67669564],[0.17817364 0.36812491 0.06552378 0.28831079 0.50130306 0.43792843],[0.71630506 0.38346918 0.03704896 0.27647117 0.5618906  0.12051946],[0.91751519 0.40354219 0.80804877 0.79186326 0.7007665  0.47487987],[0.50175367 0.05396682 0.2403238  0.58660635 0.24442443 0.35578863],[0.77700259 0.68272805 0.36323294 0.96593129 0.90734958 0.24170933]
[0.92688372 0.3964647  0.11732132 0.26340093 0.26491207 0.16809032],[0.38191282 0.62119994 0.59522447 0.19740439 0.73684936 0.31511241],[0.57452085 0.23614743 0.57759731 0.46798701 0.27111314 0.75567339],[0.30656232 0.95194026 0.87948671 0.34879763 0.3730561  0.98684512],[0.7758682  0.39283005 0.46104853 0.3929903  0.01431092 0.88263535],[0.27176146 0.83316699 0.1264207  0.02718725 0.11767218 0.56620566]
[0.33769871 0.14467268 0.65276758 0.29120107 0.8148039  0.18219572],[0.85534353 0.43817116 0.19064062 0.75637908 0.02999414 0.90457114],[0.34506512 0.79354576 0.39701296 0.90380819 0.64251163 0.24008777],[0.70550923 0.02066114 0.25508587 0.5259544  0.04633087 0.14926141],[0.08585249 0.77887318 0.27910729 0.29157981 0.21655753 0.33159959],[0.61581286 0.95520648 0.08572863 0.09723045 0.9605331  0.13255133]
[0.69729422 0.29775077 0.66086316 0.79103223 0.11540386 0.88914094],[0.73324943 0.27890154 0.22233588 0.90101869 0.74459271 0.09940022],[0.84121848 0.74020543 0.11337579 0.86484245 0.48890599 0.161989  ],[0.84145073 0.92885623 0.41890941 0.54061503 0.91229785 0.12244869],[0.86782987 0.38799005 0.37650586 0.29758577 0.94030729 0.60087176],[0.56919189 0.33289288 0.46386226 0.98211519 0.1901219  0.87974244]
[0.38184756 0.4296913  0.04449459 0.47200697 0.50688051 0.10299517],[0.0321865  0.99124739 0.28366507 0.25519001 0.82353339 0.49375772],[0.47649462 0.50006691 0.185206   0.55775293 0.08729902 0.35942294],[0.59644466 0.47128274 0.12189528 0.21013245 0.77861883 0.2168921 ],[0.28311585 0.26392688 0.65874144 0.83582616 0.5504051  0.77763739],[0.65198115 0.09714728 0.08540309 0.42582221 0.78838442 0.76027892]
[0.05915279 0.02902686 0.45783469 0.24995531 0.64700132 0.31232746],[0.8237557  0.65506609 0.00418051 0.67728989 0.79883998 0.86235535],[0.47268557 0.53439404 0.54522934 0.7983797  0.60518896 0.25632816],[0.5696523  0.48694441 0.10409626 0.42471497 0.13040117 0.15252415],[0.84376775 0.46311062 0.9494907  0.8793059  0.19690242 0.88509526],[0.21349136 0.76406512 0.02384838 0.35031866 0.72860565 0.90607077]
[0.27899092 0.80863607 0.0687238  0.0565127  0.03252019 0.64387906],[0.62507683 0.10710996 0.76193104 0.86582738 0.25522699 0.77452062],[0.62539196 0.65416846 0.42279965 0.67376428 0.13428784 0.7143119 ],[0.24838025 0.95117451 0.50451624 0.99467491 0.60483598 0.07768406],[0.50309299 0.22323291 0.82304132 0.30154853 0.48630221 0.769394  ],[0.56954052 0.05746357 0.20808054 0.72032683 0.61949255 0.00899971]
[0.40733996 0.24929295 0.2093959  0.86265885 0.723071   0.91602552],[0.48100912 0.14662271 0.0613497  0.94398933 0.41592111 0.32994227],[0.13544524 0.09041839 0.72478119 0.96833106 0.87546544 0.83423968],[0.41428839 0.24516201 0.86318302 0.21808644 0.96575461 0.33333192],[0.01257037 0.88091336 0.32793543 0.26443728 0.37840405 0.3403974 ],[0.21549252 0.81516114 0.93571178 0.63083919 0.92903397 0.35851465]
[0.02725107 0.38875708 0.49884475 0.65689817 0.66210109 0.48008843],[0.52634488 0.17135977 0.436034   0.29547442 0.66772951 0.35049781],[0.70756175 0.47612401 0.39867791 0.61398678 0.07172247 0.43465986],[0.79905926 0.28129356 0.94645894 0.55582682 0.29014159 0.17536108],[0.13280293 0.26337581 0.70057862 0.6219348  0.09909193 0.0377213 ],[0.94053412 0.38759515 0.02095255 0.36430619 0.78862203 0.19113466]
[0.99697294 0.07467013 0.16786685 0.89226173 0.73190749 0.70524605],[0.83345541 0.41998626 0.5004336  0.63641425 0.69047657 0.19571089],[0.9609484  0.90168255 0.86789247 0.38457917 0.61546376 0.16422921],[0.41682977 0.64625148 0.20439449 0.08558143 0.76530891 0.81089209],[0.96968515 0.56663511 0.68383107 0.76565429 0.16802942 0.03422251],[0.9450175  0.27438422 0.67497822 0.30539953 0.76246301 0.88395325]
[0.7204861  0.9554425  0.13304713 0.04905537 0.7792952  0.70270001],[0.22758124 0.56925647 0.73744559 0.84834663 0.24159608 0.9300158 ],[0.94347341 0.71872203 0.34702099 0.81559952 0.35011875 0.49643462],[0.52876265 0.66325833 0.49225873 0.32489323 0.98911865 0.94689358],[0.61433739 0.88912638 0.93573322 0.63234423 0.39729435 0.76620574],[0.49699353 0.162097   0.6772696  0.15812027 0.42521838 0.8365927 ]
[0.99566194 0.89489823 0.49480753 0.05319412 0.69661874 0.5804936 ],[0.17988974 0.60880164 0.93843114 0.30188577 0.81431725 0.8045152 ],[0.31873786 0.92804542 0.88927311 0.58414402 0.83563965 0.00204269],[0.29692104 0.13053631 0.08801465 0.41916947 0.66538016 0.48710622],[0.63851862 0.20521449 0.83451414 0.6917936  0.5087891  0.80625941],[0.92208314 0.67569574 0.77825767 0.37569419 0.60628131 0.04088368]
[0.2247329  0.02486358 0.11046578 0.82765788 0.44673737 0.67142368],[0.70683932 0.41100627 0.60000826 0.77598707 0.26905628 0.60874122],[0.93823008 0.74581265 0.14166846 0.81731584 0.69156817 0.60206349],[0.22566518 0.23152815 0.88909503 0.65772506 0.59654398 0.04953968],[0.07946725 0.72014921 0.08718069 0.24107736 0.08036028 0.49634616],[0.85749031 0.75003836 0.23309313 0.47631716 0.67258549 0.63755561]
[0.44066401 0.80725063 0.30699392 0.17889456 0.50185855 0.75586341],[0.18564228 0.5646818  0.33097941 0.0751401  0.62971651 0.93878471],[0.67282723 0.00650261 0.10698486 0.1332879  0.73475574 0.52073016],[0.23114806 0.14967218 0.34190825 0.4351452  0.13380161 0.58187269],[0.05343248 0.69965979 0.14601662 0.61798391 0.62544173 0.03059074],[0.98867262 0.6178097  0.9824434  0.888526   0.3770053  0.42583837]
[0.34382212 0.45315026 0.99602928 0.86659778 0.70540608 0.07274657],[0.48794091 0.51362936 0.5401461  0.24254771 0.30806147 0.22083859],[0.69747478 0.70241705 0.25315968 0.28932043 0.03105591 0.96421579],[0.55419143 0.68524077 0.65277277 0.92098939 0.51298301 0.42107884],[0.61182098 0.01841085 0.85951984 0.00269104 0.69662685 0.75158215],[0.53041565 0.83529545 0.35051017 0.90038975 0.99313603 0.08456485]
[0.15639082 0.05990712 0.37111342 0.11527907 0.04010348 0.66768797],"[3.54148063e-01 3.69658156e-01 1.98376854e-01 5.20944254e-04
 7.29062175e-01 8.45677865e-01]",[0.98761402 0.63591857 0.86846231 0.1951468  0.05459502 0.77030983],[0.07304085 0.38384228 0.39799834 0.53983772 0.27926379 0.48273765],[0.36865964 0.1151013  0.8985594  0.78364657 0.27480129 0.80365498],[0.33870052 0.22403355 0.60652233 0.52859562 0.08452433 0.31722381]
[0.53401857 0.29026028 0.76678284 0.26763876 0.11312332 0.05141354],[0.93456624 0.5244237  0.74471168 0.96506917 0.38537359 0.07087197],[0.91575708 0.10070455 0.49670365 0.24184572 0.36196626 0.7537462 ],[0.18031609 0.24751475 0.20577144 0.94179281 0.2689094  0.30254835],[0.57703005 0.74324304 0.63722369 0.95094367 0.40309702 0.34152986],[0.41525474 0.08947239 0.71525217 0.29890863 0.13262811 0.12070236]
[0.86005324 0.75681325 0.2280816  0.58987568 0.44463711 0.04578975],[0.46352409 0.55070063 0.89891386 0.58727425 0.40846793 0.02677329],[0.3734704  0.50035187 0.93800962 0.41566922 0.06859845 0.91583267],[0.77893302 0.10898554 0.03231954 0.39884933 0.93576421 0.40756503],[0.29906163 0.18336989 0.76041599 0.19824776 0.71106265 0.665527  ],[0.83283334 0.42138101 0.49909748 0.81542212 0.24875747 0.14335994]
[0.65389155 0.43939454 0.34067824 0.9904246  0.71033366 0.30282121],[0.1095584  0.89385271 0.31590931 0.44373264 0.01738999 0.23317743],[0.03400087 0.26200643 0.98903986 0.89627948 0.64308665 0.82433898],[0.6049331  0.03491925 0.08835217 0.52665268 0.57588422 0.58566978],[0.9009757  0.62514529 0.57424895 0.58357198 0.58917458 0.82252816],[0.53219617 0.32054667 0.54895413 0.1039964  0.4798441  0.16901775]
[0.36872425 0.89748806 0.08622994 0.9662582  0.48114877 0.1268666 ],[0.24261316 0.19930217 0.20554746 0.35944546 0.76786788 0.34246567],[0.97946777 0.64197375 0.67404478 0.36576266 0.7887428  0.41997088],[0.53104919 0.88722025 0.61292427 0.09819806 0.99003685 0.54685121],[0.51196286 0.07185275 0.80444599 0.89787028 0.04650476 0.77756018],[0.35804315 0.10094863 0.13226735 0.72311727 0.64275962 0.1221255 ]
[0.81485995 0.63631445 0.45907845 0.26827686 0.55038906 0.10621976],[0.30124207 0.15973374 0.26263921 0.25079209 0.67706186 0.39177054],[0.85631214 0.55475291 0.63135151 0.45489166 0.2617936  0.84132122],[0.1564265  0.09289419 0.8540915  0.57267117 0.09784655 0.18206166],[0.63735681 0.4084908  0.1794876  0.07543134 0.53560386 0.3710077 ],[0.53940363 0.99997698 0.69561116 0.21117213 0.94085372 0.22386381]
[0.9489578  0.23477458 0.22717533 0.9628958  0.1126018  0.70516145],[0.68285242 0.66953816 0.64661918 0.44563897 0.96412783 0.21157877],[0.68564068 0.34886874 0.56140327 0.87129577 0.252221   0.28115658],[0.94489764 0.42967652 0.36563395 0.14598442 0.38033324 0.10120929],[0.41444663 0.61740479 0.80381381 0.92658721 0.73558196 0.98405457],[0.76547066 0.25982078 0.0488537  0.5663     0.86339733 0.01790123]
[0.0246417  0.90841276 0.8834648  0.53104417 0.38486707 0.05256772],[0.34614428 0.22923036 0.94844723 0.56601281 0.5568133  0.07081201],[0.27723245 0.31620623 0.45051947 0.66124299 0.51505931 0.68446109],[0.68555393 0.50973182 0.52518371 0.53602322 0.31596568 0.73515932],[0.52519091 0.46929492 0.58239074 0.15083207 0.02146287 0.76050521],[0.61671572 0.95270729 0.73044266 0.63828168 0.47763018 0.78056925]
[0.2190708  0.82318874 0.00347463 0.43864974 0.1242556  0.74064724],[0.41746322 0.30281852 0.96425172 0.71911536 0.06262625 0.9776848 ],[0.6307436  0.35950804 0.95858001 0.34391995 0.45018637 0.58102651],[0.42801633 0.03432741 0.10711046 0.36601638 0.30530013 0.64647436],[0.35333382 0.61528428 0.47096973 0.67634499 0.7915706  0.40560353],[0.60537383 0.14821912 0.84248851 0.83874528 0.48874567 0.59620698]
"[3.88511222e-01 1.28526602e-01 7.30602977e-05 6.50325346e-01
 6.25616986e-01 8.27565126e-01]",[0.75011803 0.47741556 0.879063   0.8436964  0.20387762 0.95695858],[0.16924064 0.71362114 0.61377651 0.50841854 0.09987017 0.65900001],[0.35680658 0.63417781 0.94245973 0.07689791 0.65489901 0.42438356],[0.51068263 0.835406   0.51439535 0.0100907  0.89603502 0.3963612 ],[0.42923761 0.73705986 0.15653457 0.84979381 0.72450994 0.12801059]
[0.62772232 0.08320442 0.33418339 0.44300878 0.33926917 0.11835591],[0.78696422 0.86663805 0.90406867 0.16178967 0.85603647 0.97035074],[0.35305201 0.52794668 0.61214296 0.59350041 0.51733319 0.72300663],[0.03766589 0.84859112 0.79955527 0.00890538 0.11025776 0.30087498],[0.79766448 0.53497021 0.38663959 0.35666561 0.41941173 0.40933136],[0.16000927 0.24897356 0.82597804 0.98420937 0.02273702 0.66114767]
[0.37194464 0.29604722 0.86383868 0.04460486 0.81313985 0.30836969],[0.33778864 0.81727455 0.69050166 0.82877639 0.14365075 0.00587775],[0.95413502 0.07313413 0.74042762 0.51564495 0.27626291 0.57764243],[0.83314793 0.42679705 0.42230142 0.1699461  0.89148154 0.35061752],[0.66015243 0.94730077 0.36070579 0.12044094 0.8401131  0.72105006],[0.40015827 0.62799782 0.43325215 0.55779394 0.64667622 0.1832455 ]
[0.99406603 0.53148573 0.07347261 0.86377625 0.79342827 0.09175275],[0.75404257 0.8771453  0.29289427 0.05387303 0.52686676 0.17679065],[0.27423653 0.85769713 0.35836469 0.57720512 0.06125021 0.96797955],[0.60358017 0.85316608 0.79853874 0.19190437 0.99094868 0.33707143],[0.01732135 0.25899873 0.23898059 0.39687855 0.30789861 0.77654158],[0.47726587 0.12424953 0.26884404 0.83607929 0.56079879 0.23427829]
[0.60149015 0.14769863 0.37690262 0.82093966 0.1887313  0.55939541],[0.63453549 0.54090488 0.72438807 0.00608394 0.22091724 0.13467881],[0.069504   0.96856104 0.80333086 0.68419537 0.0660987  0.50568925],[0.85129475 0.96170742 0.78788284 0.4200428  0.41835044 0.28912475],[0.83893753 0.98824097 0.17628994 0.65783649 0.88925088 0.70095028],[0.43251979 0.27380103 0.92992358 0.79306157 0.95452256 0.31258648]
[0.99016513 0.55539938 0.87518814 0.57164313 0.48158779 0.09796695],[0.6497283  0.29480068 0.92238094 0.89789637 0.28113305 0.22267224],[0.52867336 0.74697916 0.75114395 0.42176782 0.00829573 0.30977363],[0.67759425 0.0262308  0.59235238 0.71438666 0.89534475 0.77313336],[0.87606625 0.52098436 0.50282538 0.77355484 0.99326331 0.90167312],[0.50439617 0.3858032  0.02327371 0.95946983 0.0587554  0.11898756]
[0.85882939 0.00168131 0.82539699 0.55718412 0.397958   0.20727135],[0.34769075 0.71328929 0.7579069  0.41080582 0.54571143 0.58797975],[0.56131935 0.96411033 0.54925014 0.7957772  0.1832842  0.93572075],[0.53402984 0.01878652 0.89285912 0.40144842 0.27171359 0.82952704],[0.60728274 0.62632726 0.01500818 0.70245532 0.35673504 0.9835503 ],"[4.64912120e-01 1.90289000e-04 2.73313849e-02 2.34068314e-01
 3.91394096e-02 2.03533576e-01]"
[0.07540801 0.15932624 0.40176119 0.46859539 0.88813004 0.80650137],[0.64549684 0.47769163 0.04177728 0.62972598 0.89836269 0.8972262 ],[0.04314451 0.74129608 0.53515578 0.13730269 0.09928761 0.20449811],[0.70184151 0.86004346 0.89026763 0.90838183 0.73333874 0.45674882],[0.10596636 0.60096339 0.56991701 0.50302015 0.99625573 0.66958336],[0.19561102 0.26488981 0.64645806 0.86464467 0.24840988 0.52463428]
[0.82048645 0.47268836 0.84259518 0.4326799  0.87818405 0.19257531],[0.566143   0.36734705 0.18841148 0.90014119 0.25464791 0.91420677],[0.54949003 0.4447233  0.50482908 0.52306576 0.2043821  0.3077928 ],[0.70241179 0.07064798 0.7173032  0.01736308 0.73809214 0.00904642],[0.42019079 0.1690969  0.42389176 0.39480661 0.06593244 0.76806726],[0.86221916 0.53061367 0.30186276 0.89794725 0.44341189 0.43153089]
[0.49753035 0.27732605 0.96960951 0.86253693 0.85144027 0.49284109],[0.79356252 0.53127574 0.43033515 0.79719984 0.17890261 0.7200101 ],[0.69133305 0.99586612 0.69667225 0.20264484 0.49805568 0.40772845],[0.10100217 0.87595748 0.49542094 0.56542251 0.33491198 0.77854011],[0.93694881 0.42399818 0.64868608 0.94915894 0.87336272 0.06992862],[0.47349369 0.77509717 0.2668675  0.03810066 0.23134592 0.8877798 ]
[0.32658319 0.82439685 0.58224396 0.54122347 0.19682264 0.97844528],[0.03713852 0.11707395 0.65852898 0.55322859 0.37154683 0.80313589],[0.00839116 0.60877492 0.46294621 0.4300622  0.63400229 0.02051402],[0.34861197 0.51155731 0.93200508 0.3476387  0.73003394 0.02018982],[0.50031001 0.31510147 0.68387875 0.24199646 0.439055   0.22815102],[0.64009    0.64508642 0.67708435 0.40127635 0.02264964 0.95615775]
[0.57020619 0.75582168 0.98224158 0.95355593 0.45803325 0.06411659],[0.01715288 0.62708426 0.68568351 0.23033531 0.96381456 0.63501955],[0.28406927 0.24992432 0.61554702 0.67915207 0.08939305 0.90410023],[0.91068373 0.80713651 0.45367627 0.66818352 0.40433008 0.79594614],[0.81357509 0.83681164 0.72327789 0.32053589 0.30199358 0.38542965],[0.01454269 0.53703243 0.97255178 0.61094743 0.82680647 0.34303829]
[0.74501134 0.68319099 0.49887378 0.79758159 0.26996841 0.2343202 ],[0.33946041 0.147268   0.72181903 0.27549433 0.95742627 0.96289549],[0.55480553 0.83659659 0.48626107 0.83002919 0.16314657 0.19841665],[0.19398986 0.51451878 0.98002698 0.73822556 0.77071369 0.68075584],[0.98110832 0.8192361  0.51476548 0.60415651 0.78308464 0.31370472],[0.34865597 0.07307644 0.59252172 0.750865   0.55035596 0.75115669]
[0.7707599  0.99669944 0.94778264 0.36228617 0.15513001 0.26437497],[0.38787265 0.45181136 0.76915795 0.77156867 0.8353437  0.69144437],[0.28510571 0.76619683 0.51791003 0.42294726 0.24948431 0.95686499],[0.98474212 0.15493244 0.92534653 0.69141384 0.42459091 0.68373394],[0.03482718 0.26200912 0.07760866 0.69866424 0.24078172 0.59399154],[0.80821461 0.14459653 0.74661003 0.66537113 0.74090063 0.9851163 ]
[0.61976403 0.99910328 0.65148434 0.01268236 0.25369529 0.20404213],[0.38812746 0.88247236 0.21170373 0.29794934 0.89975604 0.79700869],[0.84409302 0.82590223 0.42327213 0.62776415 0.97815638 0.7296547 ],[0.86995538 0.56692807 0.51796676 0.17857778 0.28891433 0.29713852],[0.92004428 0.31981299 0.37664539 0.36197017 0.89198776 0.7294373 ],[0.87893318 0.97792736 0.55450167 0.82314671 0.9501801  0.03526348]
[0.42790569 0.74273679 0.39503352 0.70299998 0.94375622 0.73724919],[0.18825274 0.58188546 0.41666343 0.3925945  0.51710349 0.18492196],[0.70280862 0.5052133  0.40613786 0.68425916 0.86449372 0.42049784],[0.87564559 0.5029494  0.25654915 0.17600663 0.38157793 0.35471314],[0.1264653  0.58953914 0.08392894 0.96478725 0.44287277 0.75128853],[0.7286503  0.75635258 0.66604433 0.51446762 0.80086333 0.72453099]
[0.85132147 0.06219286 0.87292019 0.23430062 0.89623195 0.3574027 ],[0.39061399 0.27889842 0.38624061 0.22525195 0.36323848 0.12517003],[0.45029853 0.18686908 0.07870706 0.75740094 0.87412476 0.36181392],[0.99200089 0.51509969 0.65660524 0.50687808 0.07252932 0.52776785],[0.19505245 0.79264223 0.53402533 0.04553753 0.04728933 0.52044768],[0.34220089 0.46357229 0.18045195 0.93174065 0.34125494 0.54748654]
[0.90046047 0.70994938 0.95146925 0.96456216 0.80412011 0.19654797],[0.82467387 0.04929111 0.69235922 0.54656112 0.66151906 0.60977968],[0.00849752 0.4487518  0.78648398 0.78520666 0.39131779 0.49261525],[0.24912338 0.16544822 0.50736598 0.26727994 0.40531686 0.40936078],[0.69086932 0.72798354 0.17905699 0.8419495  0.72652596 0.1149561 ],[0.39453525 0.89585943 0.68466515 0.26052395 0.899458   0.09754356]
[0.6021282  0.40364539 0.04621372 0.4454921  0.75432305 0.52219902],[0.96515455 0.89250625 0.63018966 0.69511506 0.17625953 0.96822001],[0.88953649 0.65345788 0.2697707  0.57174694 0.41785939 0.77358341],[0.80578041 0.38882849 0.64688357 0.65032888 0.80231727 0.82025258],[0.13339227 0.04389351 0.08624347 0.29836727 0.28909338 0.81939526],[0.97718957 0.70190711 0.47445756 0.73086552 0.85910072 0.49965205]
[0.95781373 0.99333711 0.66179032 0.69335332 0.81220558 0.28515379],[0.71349702 0.36165566 0.11360566 0.64495817 0.6095753  0.57403099],[0.17830573 0.757042   0.68499569 0.68660433 0.10867059 0.57381437],[0.34149323 0.04309956 0.5820719  0.71495552 0.75503817 0.09532   ],[0.12523984 0.27104747 0.43173655 0.44548632 0.27618013 0.02462586],[0.58543266 0.31550289 0.94562981 0.28019575 0.48542828 0.95871257]
[0.12610366 0.21119554 0.70547403 0.78965806 0.22049098 0.78796106],[0.3793031  0.46952231 0.58758826 0.28165261 0.25820792 0.70277939],[0.45485011 0.94210299 0.299423   0.78626676 0.76687564 0.58865522],[0.51168884 0.42337367 0.93609849 0.48536531 0.90942466 0.05495258],[0.13598611 0.34280244 0.04492949 0.46215855 0.5603388  0.04923009],[0.77216695 0.27977408 0.60173543 0.14739434 0.16144691 0.32371333]
[0.96860586 0.73549816 0.34658002 0.17285533 0.28642282 0.76785454],[0.9867266  0.27709731 0.2851874  0.81018284 0.50888841 0.32937899],[0.82389075 0.18175558 0.5661814  0.99781704 0.94550195 0.77980207],[0.24955245 0.37898901 0.22486749 0.26738505 0.52663801 0.03311763],[0.46534585 0.9787143  0.57091579 0.80720572 0.70062841 0.46442001],[0.33877133 0.53078699 0.03638295 0.66029327 0.3948969  0.75060791]
[0.1124862  0.1673678  0.34346958 0.24436491 0.30955931 0.22505233],[0.41632138 0.23132471 0.84022801 0.92138058 0.16918966 0.98844085],[0.20875089 0.9573354  0.8508471  0.99709896 0.42854596 0.94547054],[0.52296072 0.65694233 0.20420687 0.45283033 0.19188594 0.55748607],[0.71529492 0.98610957 0.64590449 0.29213304 0.82959664 0.55331265],[0.9166951  0.36179648 0.61380098 0.90431567 0.80782377 0.88948025]
[0.74626299 0.47798566 0.11867892 0.86475278 0.58744475 0.90330276],[0.08667877 0.73094899 0.07521097 0.90505453 0.94035597 0.10058171],[0.62573876 0.97672639 0.09134014 0.63699576 0.13147473 0.55343687],[0.68320696 0.81786602 0.12705224 0.08693407 0.43294639 0.5079408 ],[0.57901374 0.27349943 0.11346377 0.53246141 0.13859201 0.79446339],[0.96301511 0.48297625 0.17155373 0.58123714 0.92285715 0.01548419]
[0.67147487 0.4124196  0.26705095 0.68772851 0.76625113 0.66508461],[0.03182539 0.7503772  0.37811047 0.07724105 0.52075753 0.16514986],[0.83763947 0.47916523 0.78067525 0.19391499 0.54880409 0.08307496],[0.83910222 0.1568431  0.48482605 0.21575289 0.12650453 0.81636991],[0.05864768 0.32137801 0.24552499 0.91092806 0.95107575 0.46950229],[0.38931194 0.22056813 0.11472525 0.35138088 0.2774068  0.84500111]
[0.9300694  0.09973217 0.84789038 0.60588166 0.15423775 0.42859278],[0.96278891 0.79592857 0.03249571 0.94261431 0.02973918 0.82117581],[0.34145281 0.22141504 0.08417876 0.92324082 0.99469487 0.80497537],[0.76780364 0.47338316 0.2840828  0.53925888 0.74644085 0.7753069 ],[0.70599439 0.50699595 0.15134181 0.26945269 0.82930424 0.92251872],[0.08524244 0.02828377 0.51421611 0.35273654 0.96826044 0.92732089]
[0.17095416 0.94741714 0.14631919 0.77384765 0.80252182 0.43824808],[0.94847851 0.62127123 0.28659928 0.12250203 0.12691445 0.16038898],[0.98117438 0.80011693 0.43939122 0.7919289  0.31834137 0.07255079],[0.46263491 0.34162621 0.30745953 0.82574802 0.83537121 0.2333031 ],[0.25669601 0.7086297  0.72876675 0.75020376 0.19008337 0.93714302],[0.99948416 0.13493974 0.73449634 0.00976952 0.15709006 0.09430422]
[0.27570681 0.16728803 0.22638118 0.19734686 0.26193853 0.58229548],[0.11928115 0.28180292 0.52962439 0.42196289 0.79427197 0.10362396],[0.29058202 0.58076402 0.32691273 0.04987269 0.63051655 0.33604122],[0.80798503 0.09422688 0.81443276 0.56905338 0.85421154 0.0807423 ],[0.68936312 0.81251143 0.93702062 0.89199917 0.6062553  0.51587523],[0.18239493 0.19168888 0.6297846  0.88443142 0.7932407  0.88144725]
[0.93139276 0.29502907 0.3611869  0.49549039 0.20635165 0.11415142],[0.85354502 0.09962752 0.26612901 0.81879174 0.80965793 0.88520153],[0.75987803 0.8702618  0.6790365  0.57797805 0.63343538 0.93860149],[0.70054379 0.37554812 0.76455688 0.88551386 0.77205733 0.56523778],[0.09854251 0.17365576 0.23333163 0.49830077 0.04203362 0.33670813],[0.72332405 0.95788722 0.48206621 0.45771695 0.17944375 0.14203891]
[0.2070589  0.9411404  0.63164074 0.38331737 0.28082087 0.21421981],[0.78939699 0.5909632  0.96688799 0.89492012 0.60501297 0.37427865],[0.55277276 0.86856436 0.09361633 0.37335609 0.69697237 0.10508913],[0.98263791 0.63557791 0.78812472 0.24506678 0.56927256 0.93234406],[0.41717508 0.19119101 0.0396518  0.21475847 0.85584323 0.66844059],[0.67696416 0.68273629 0.44328099 0.76088566 0.62679568 0.7822121 ]
[0.03362046 0.14791179 0.79989228 0.76882899 0.02321261 0.68111228],[0.4583057  0.9814923  0.71592368 0.46079431 0.16670345 0.62370434],[0.86085011 0.45914306 0.25652798 0.43704199 0.37626233 0.56791385],[0.09653112 0.59910012 0.42961209 0.38960727 0.64080538 0.79277922],[0.52973882 0.56176229 0.76299759 0.99515006 0.79248528 0.68943706],[0.4553048  0.16332526 0.45482029 0.36001896 0.36078937 0.02133176]
[0.93736488 0.13830393 0.81964321 0.89115954 0.08400164 0.12997053],[0.68466383 0.73457615 0.20385312 0.3948292  0.81126109 0.60815479],[0.75117895 0.77506644 0.59658944 0.12162384 0.87734219 0.80117699],[0.69245957 0.08053504 0.24453494 0.30785996 0.41360946 0.56835434],[0.04903304 0.62117196 0.62819308 0.55105989 0.21165879 0.41244604],[0.20736916 0.80787643 0.50502466 0.84001699 0.41082505 0.16550124]
[0.80442997 0.78350353 0.95382352 0.09370907 0.0737941  0.72884581],[0.07092413 0.86798834 0.97658142 0.30155304 0.64440265 0.45604901],[0.67719585 0.04175363 0.71490489 0.35991969 0.67115781 0.68221772],[0.32168072 0.8076625  0.19229567 0.35411793 0.53890552 0.1494662 ],[0.27024268 0.67764975 0.91997708 0.8840979  0.70616825 0.87173938],[0.27595269 0.73746832 0.0864419  0.04786449 0.0396201  0.39931238]
[0.49854814 0.34701958 0.99544245 0.24735107 0.06538844 0.46436539],[0.44188858 0.25939594 0.15392574 0.37717199 0.64063698 0.81721842],[0.04712482 0.75488996 0.4157449  0.0329204  0.20743554 0.37310929],[0.03218778 0.98124682 0.97983694 0.21139449 0.23175413 0.75251124],[0.1046232  0.84066489 0.80881024 0.11913731 0.46609179 0.98126458],[0.96610254 0.12906994 0.2005676  0.26873731 0.20240322 0.12834032]
[0.22769198 0.05216844 0.2793533  0.74736939 0.61025477 0.42916995],[0.94090557 0.00231235 0.37582153 0.58147001 0.91549674 0.2843756 ],[0.0178806  0.18002388 0.68970513 0.4258001  0.85399611 0.53160936],[0.50438622 0.70465055 0.8772493  0.32778951 0.57428097 0.07310687],[0.5764717  0.19564084 0.40450552 0.62835741 0.78788728 0.37983163],[0.03580914 0.64390939 0.11831354 0.76031292 0.00559249 0.85408699]
[0.93404223 0.52661381 0.79756725 0.25223687 0.15217704 0.59910423],[0.08487471 0.39902267 0.10271754 0.11241145 0.10684794 0.75555639],[0.1306254  0.43412818 0.17259579 0.21362371 0.49731678 0.67313971],[0.5495855  0.44249474 0.86892414 0.51012153 0.08670057 0.49986   ],[0.38377243 0.04093169 0.88154864 0.12096768 0.84729093 0.924825  ],[0.29218729 0.3137863  0.94178467 0.77872622 0.14650049 0.45601269]
[0.41602315 0.69090906 0.76758934 0.08510218 0.57334746 0.27714654],[0.52870752 0.76534443 0.13783733 0.55279766 0.52524754 0.84553918],[ 0.71534868  0.59740016  0.03397067  0.18838529  0.45817797 -0.01081344],[ 0.76140479 -0.02316759  0.39381259  0.56201742  0.51661989 -0.04956811],[0.25750112 0.37129198 0.29907223 0.37607821 0.5127439  0.60432072],[-0.04185273  0.34281128  0.4108534   0.57866003 -0.08733307  0.2639694 ]
[1.03829666 0.54954922 0.82181103 0.16842785 0.30176244 1.00738253],[-0.26340112 -0.76479742 -0.71291271 -0.47739738 -0.05266206 -0.13013672],[0.70994355 0.2415065  0.76856275 0.93026739 0.63770557 0.27010082],[-0.78733315 -0.12267447 -0.54906715 -0.73403836 -0.28248175 -0.31086891],[0.48845919 0.98865277 0.09348817 0.71656236 0.57858073 0.47802835],[-0.20360414 -0.63930473 -0.85274204 -0.06493268 -0.25444864 -0.56280356]
[-1.02530811 -0.05065496 -0.8359789  -0.17659233 -1.0170035   0.08097862],[-1.22938781  0.23219859 -1.16977928  0.07090656 -0.4894343  -0.29312035],[-1.43699544 -0.79582344 -0.79463593  0.15422295 -0.54843571  0.04097194],[-1.1893289  -0.07426748 -0.70566196 -0.19997875 -0.95623141 -0.04971724],[-0.73681324 -0.04458985 -0.9124356  -0.48335494 -1.19312101  0.00475561],[-0.66739228  0.18125628 -1.18733603  0.03531116 -1.02106124 -0.37957203]
[-1.65585509 -1.66361449 -1.60520103 -1.64426821 -1.63916756 -1.64835665]
